form	lemma	POS	morph
༄༅། །		PUNCT
འཕགས་མཆོག་	འཕགས་མཆོག་	OTHER
སྤྱན་རས་	སྤྱན་རས་	NO_POS
གཟིགས་	གཟིགས་	VERB
ཀྱི་	གི་	PART
བསྒོམ་	བསྒོམ་	VERB
བཟླས་	བཟླས་	NO_POS
འགྲོ་དོན་	འགྲོ་དོན་	NOUN
མཁའ་ཁྱབ་	མཁའ་ཁྱབ་	NOUN
མ་	མ་	PART
འི་	གི་	PART
ཟིན་བྲིས་	ཟིན་བྲིས་	OTHER
ཉུང་	ཉུང་	VERB
བསྡུ་	བསྡུ་	VERB
འགྲོ་དོན་	འགྲོ་དོན་	NOUN
ཆར་རྒྱུན་	ཆར་རྒྱུན་	OTHER
ཞེ་	ཅེས་	PART
བྱ་བ་	བྱ་བ་	VERB
བཞུགས་	བཞུགས་	VERB
སོ་	གོ་	PART
།། །།		PUNCT
མཛད་པ་པོ་	མཛད་པ་པོ་	VERB
།		PUNCT
ཀརྨ་པ་	ཀརྨ་པ་	NO_POS
ཆེན་པོ་	ཆེན་པོ་	ADJ
བཅོ་ལྔ་པ་	བཅོ་ལྔ་པ་	NO_POS
"།
༄༅། །"		PUNCT
འཕགས་མཆོག་	འཕགས་མཆོག་	OTHER
སྤྱན་རས་	སྤྱན་རས་	NO_POS
གཟིགས་	གཟིགས་	VERB
ཀྱི་	གི་	PART
བསྒོམ་	བསྒོམ་	VERB
བཟླས་	བཟླས་	NO_POS
འགྲོ་དོན་	འགྲོ་དོན་	NOUN
མཁའ་ཁྱབ་	མཁའ་ཁྱབ་	NOUN
མ་	མ་	PART
འི་	གི་	PART
ཟིན་བྲིས་	ཟིན་བྲིས་	OTHER
ཉུང་	ཉུང་	VERB
བསྡུ་	བསྡུ་	VERB
འགྲོ་དོན་	འགྲོ་དོན་	NOUN
ཆར་རྒྱུན་	ཆར་རྒྱུན་	OTHER
ཞེ་	ཅེས་	PART
བྱ་བ་	བྱ་བ་	VERB
བཞུགས་	བཞུགས་	VERB
སོ་	གོ་	PART
"།། །།
༄༅༅། །"		PUNCT
སྭསྟི་		NON_WORD
།		PUNCT
རྒྱལ་བ་	རྒྱལ་བ་	NOUN
ཀུན་	ཀུན་	DET
གྱི་	གི་	PART
སྙིང་རྗེ་	སྙིང་རྗེ་	NOUN
ཆེ་	ཆེ་	VERB
། །		PUNCT
ཕྱག་རྒྱ་	ཕྱག་རྒྱ་	NOUN
ར་	ལ་	PART
ཤར་བ་	ཤར་བ་	VERB
འི་	གི་	PART
སྤྱན་རས་	སྤྱན་རས་	NO_POS
གཟིགས་	གཟིགས་	VERB
། །		PUNCT
འཁོར་བ་	འཁོར་བ་	NOUN
དོང་སྤྲུག་	དོང་སྤྲུག་	NO_POS
ཕྲིན་ལས་	ཕྲིན་ལས་	NOUN
ཅན་	ཅན་	PART
། །		PUNCT
དབྱེ་	དབྱེ་	VERB
ར་	ལ་	PART
མེད་	མེད་	VERB
རྗེ་བཙུན་	རྗེ་བཙུན་	NOUN
མགོན་	མགོན་	NOUN
ལ་	ལ་	PART
འདུད་	འདུད་	NO_POS
། །		PUNCT
འདི་	འདི་	DET
ར་	ལ་	PART
རྒྱལ་བ་	རྒྱལ་བ་	NOUN
ཀུན་	ཀུན་	DET
ལ་	ལ་	ADP
ས་	གིས་	PART
ཐུགས་བསྐྱེད་	ཐུགས་བསྐྱེད་	OTHER
དང་	དང་	NO_POS
ཕྲིན་ལས་	ཕྲིན་ལས་	NOUN
ཁྱད་པར་	ཁྱད་པར་	NOUN
དུ་	ལ་	PART
འཕགས་པ་	འཕགས་པ་	VERB
།		PUNCT
ཇི་སྲིད་	ཇི་སྲིད་	PRON
འཁོར་བ་	འཁོར་བ་	NOUN
མ་	མ་	PART
སྟོངས་	སྟོངས་	VERB
ཀྱི་	གི་	PART
བ་	བ་	NOUN
དུ་	ལ་	PART
ཞི་བ་	ཞི་བ་	VERB
འི་	གི་	PART
ཏིང་འཛིན་	ཏིང་འཛིན་	NOUN
ལ་	ལ་	PART
མི་	མི་	PART
གཞོལ་བ་	གཞོལ་བ་	VERB
ར་	ལ་	PART
དུས་གསུམ་	དུས་གསུམ་	OTHER
རྒྱུན་	རྒྱུན་	NOUN
གྱི་	གི་	PART
རྟག་པ་	རྟག་པ་	VERB
ར་	ལ་	PART
འགྲོ་	འགྲོ་	VERB
དྲུག་	དྲུག་	NUM
འདྲེན་པ་	འདྲེན་པ་	VERB
འི་	གི་	PART
ཕྲིན་ལས་	ཕྲིན་ལས་	NOUN
ཅན་	ཅན་	PART
།		PUNCT
ཁྱད་པར་	ཁྱད་པར་	NOUN
རྒྱལ་བ་	རྒྱལ་བ་	NOUN
ཉི་མ་	ཉི་མ་	NOUN
འི་	གི་	PART
གཉེན་	གཉེན་	NOUN
གྱི་	གི་	PART
ལུང་བསྟན་	ལུང་བསྟན་	NOUN
རྗེས་སུ་	རྗེས་སུ་	OTHER
གནང་	གནང་	NO_POS
བ་	བ་	ADP
མངའ་	མངའ་	VERB
གསོལ་བ་	གསོལ་བ་	VERB
བཞིན་	བཞིན་	NOUN
གདོང་	གདོང་	NOUN
དམར་	དམར་	VERB
ཅན་	ཅན་	PART
གྱི་	གི་	PART
ཡུལ་	ཡུལ་	NOUN
།		PUNCT
ཆེ་	ཆེ་	VERB
གདུལ་	གདུལ་	NO_POS
དཀའ་བ་	དཀའ་བ་	VERB
འི་	གི་	PART
ལྗོངས་	ལྗོངས་	NOUN
།		PUNCT
འཕགས་པ་	འཕགས་པ་	VERB
འི་	གི་	PART
གདུལ་ཞིང་	གདུལ་ཞིང་	OTHER
དུ་	ལ་	PART
བདག་	བདག་	PRON
གིར་		NON_WORD
མཛད་	མཛད་	VERB
ན་	ནས་	PART
།		PUNCT
རྒྱལ་བློན་	རྒྱལ་བློན་	NOUN
།		PUNCT
ལོ་པཎ་	ལོ་པཎ་	NOUN
།		PUNCT
གྲུབ་ཐོབ་	གྲུབ་ཐོབ་	NOUN
།		PUNCT
ཁྱེའུ་	ཁྱེའུ་	NOUN
ཕོ་མོ་	ཕོ་མོ་	NOUN
སོགས་	སོགས་	DET
སྣ་ཚོགས་པ་	སྣ་ཚོགས་པ་	DET
འི་	གི་	PART
གཟུགས་	གཟུགས་	NOUN
ཀྱིས་	གིས་	PART
དངོ་	དངོ་	NOUN
སུ་	ལ་	PART
ཕྲིན་ལས་	ཕྲིན་ལས་	NOUN
མཛད་	མཛད་	VERB
ཅིང་	ཅིང་	PART
བྱིན་	བྱིན་	VERB
གྱིས་	གིས་	PART
བརླབས་པ་	བརླབས་པ་	VERB
འི་	གི་	PART
མཐུ་	མཐུ་	NOUN
ལ་	ལ་	ADP
ས་	གིས་	PART
བྱིས་པ་	བྱིས་པ་	NOUN
སྨྲ་	སྨྲ་	VERB
ཤེ་	ཤེ་	VERB
ཚུན་	ཚུན་	ADV
གྱིས་	གིས་	PART
གསང་སྔགས་	གསང་སྔགས་	NOUN
ཀྱི་	གི་	PART
རྒྱལ་པོ་	རྒྱལ་པོ་	NOUN
ཡི་གེ་	ཡི་གེ་	NOUN
དྲུག་པ་	དྲུག་པ་	NUM
མ་	མ་	PART
བསླབ་	བསླབ་	VERB
རང་	རང་	PRON
རྡོལ་	རྡོལ་	NO_POS
དུ་	ལ་	PART
ཤེས་པ་	ཤེས་པ་	VERB
ས་	གིས་	PART
མཚོན་	མཚོན་	NOUN
།		PUNCT
ཁ་བ་	ཁ་བ་	NOUN
ཅན་	ཅན་	PART
གྱི་	གི་	PART
ལྗོངས་	ལྗོངས་	NOUN
འདི་	འདི་	DET
ར་	ལ་	PART
ལྷ་	ལྷ་	NOUN
སྐལ་	སྐལ་	NOUN
ཇོ་བོ་	ཇོ་བོ་	NOUN
ཐུགས་རྗེ་	ཐུགས་རྗེ་	NOUN
ཆེན་པོ་	ཆེན་པོ་	ADJ
ལ་	ལ་	ADP
ས་	གིས་	PART
གཞན་	གཞན་	DET
དུ་མ་	དུ་མ་	ADJ
དམིགས་པ་	དམིགས་པ་	VERB
ས་	གིས་	PART
།		PUNCT
སྔོན་བྱོན་	སྔོན་བྱོན་	NOUN
སྤྲུལ་པ་	སྤྲུལ་པ་	VERB
འི་	གི་	PART
སྐྱེས་མཆོག་	སྐྱེས་མཆོག་	NOUN
རྣམས་	རྣམས་	DET
ཀྱིས་	གིས་	PART
འཕགས་པ་	འཕགས་པ་	VERB
འི་	གི་	PART
སྒྲུབ་	སྒྲུབ་	VERB
སྐོར་	སྐོར་	NOUN
རྒྱ་	རྒྱ་	VERB
བསྡུ་	བསྡུ་	VERB
མཐའ་ཡས་པ་	མཐའ་ཡས་པ་	ADJ
གསལ་བ་	གསལ་བ་	VERB
ར་	ལ་	PART
མཛད་པ་	མཛད་པ་	VERB
རྣམས་	རྣམས་	DET
ལ་	ལ་	ADP
ས་	གིས་	PART
།		PUNCT
འདི་	འདི་	DET
ར་	ལ་	PART
སྤྱན་རས་	སྤྱན་རས་	NO_POS
གཟིགས་	གཟིགས་	VERB
དངོ་	དངོ་	NOUN
མི་	མི་	PART
འི་	གི་	PART
དོན་	དོན་	NOUN
དུ་	ལ་	PART
བྱོན་པ་	བྱོན་པ་	VERB
།		PUNCT
གྲུབ་པ་	གྲུབ་པ་	VERB
འི་	གི་	PART
དབང་ཕྱུག་	དབང་ཕྱུག་	NOUN
ཐང་སྟོང་	ཐང་སྟོང་	PROPN
རྒྱལ་པོ་	རྒྱལ་པོ་	NOUN
ས་	གིས་	PART
བསྩལ་བ་	བསྩལ་བ་	VERB
འགྲོ་དོན་	འགྲོ་དོན་	NOUN
མཁའ་ཁྱབ་	མཁའ་ཁྱབ་	NOUN
མ་	མ་	PART
འི་	གི་	PART
བསྒོམ་	བསྒོམ་	VERB
བཟླས་	བཟླས་	NO_POS
ཉམས་	ཉམས་	NOUN
སུ་	ལ་	PART
ལེན་	ལེན་	VERB
ཚུལ་	ཚུལ་	NOUN
ལ་	ལ་	PART
།		PUNCT
སྦྱོར་བ་	སྦྱོར་བ་	VERB
སྐྱབས་འགྲོ་	སྐྱབས་འགྲོ་	OTHER
སེམས་བསྐྱེད་	སེམས་བསྐྱེད་	NOUN
།		PUNCT
དངོས་གཞི་	དངོས་གཞི་	NOUN
ལྷ་	ལྷ་	NOUN
བསྒོམ་པ་	བསྒོམ་པ་	VERB
།		PUNCT
སྔགས་	སྔགས་	NOUN
བཟླ་བ་	བཟླ་བ་	NO_POS
།		PUNCT
རྗེས་	རྗེས་	NOUN
ལམ་	གམ་	PART
དུ་	ལ་	PART
ཁྱེ་	ཁྱེ་	VERB
ཞིང་	ཅིང་	PART
དགེ་རྩ་	དགེ་རྩ་	OTHER
བསྔོ་བ་	བསྔོ་བ་	VERB
།		PUNCT
ཕན་ཡོན་	ཕན་ཡོན་	NOUN
བསྟན་པ་	བསྟན་པ་	VERB
སྟེ་	སྟེ་	PART
།		PUNCT
དོན་	དོན་	NOUN
དྲུག་	དྲུག་	NUM
གི་	གི་	PART
སྒོ་	སྒོ་	NOUN
ན་	ནས་	PART
ཉམས་	ཉམས་	NOUN
སུ་	ལ་	PART
ལེན་པ་	ལེན་པ་	VERB
ལ་	ལ་	PART
།		PUNCT
དང་པོ་	དང་པོ་	ADJ
སྐྱབས་འགྲོ་	སྐྱབས་འགྲོ་	OTHER
སེམས་བསྐྱེད་	སེམས་བསྐྱེད་	NOUN
ནི་	ནི་	NO_POS
།		PUNCT
མདུན་	མདུན་	NOUN
གྱི་	གི་	PART
ནམ་མཁ་	ནམ་མཁའ་	NOUN
ར་	ལ་	PART
འཇའ་	འཇའ་	NOUN
ཐིག་	ཐིག་	NOUN
མེ་ཏོག་	མེ་ཏོག་	NOUN
སྤྲིན་	སྤྲིན་	NOUN
གྱི་	གི་	PART
ཀློང་	ཀློང་	NOUN
ན་	ལ་	PART
།		PUNCT
རྩ་བ་	རྩ་བ་	NOUN
འི་	གི་	PART
བླ་མ་	བླ་མ་	NOUN
དང་	དང་	NO_POS
དབྱེ་	དབྱེ་	VERB
ར་	ལ་	PART
མེད་པ་	མེད་པ་	VERB
འི་	གི་	PART
འཕགས་པ་	འཕགས་པ་	VERB
སྤྱན་རས་	སྤྱན་རས་	NO_POS
གཟིགས་	གཟིགས་	VERB
ཕྱོགས་	ཕྱོགས་	NOUN
དུས་	དུས་	NOUN
ཀྱི་	གི་	PART
དཀོན་མཆོག་	དཀོན་མཆོག་	NOUN
རྩ་	རྩ་	NUM
གསུམ་	གསུམ་	NUM
རྒྱལ་བ་	རྒྱལ་བ་	NOUN
ཀུན་	ཀུན་	DET
འདུ་	འདུ་	VERB
ཀྱི་	གི་	PART
ངོ་བོ་	ངོ་བོ་	NOUN
ར་	ལ་	PART
མངོན་སུམ་	མངོན་སུམ་	NOUN
བཞིན་	བཞིན་	NOUN
བཞུགས་པ་	བཞུགས་པ་	VERB
འི་	གི་	PART
དྲུང་	དྲུང་	NOUN
དུ་	ལ་	PART
།		PUNCT
བདག་ཉིད་	བདག་ཉིད་	NOUN
ཀྱི་	གི་	PART
གཙོ་	གཙོ་	NOUN
ར་	ལ་	PART
བྱ་	བྱ་	VERB
།		PUNCT
དགྲ་གཉེན་	དགྲ་གཉེན་	NOUN
བར་མ་	བར་མ་	ADJ
ས་	གིས་	PART
བསྡུས་པ་	བསྡུས་པ་	VERB
འི་	གི་	PART
འགྲོ་	འགྲོ་	VERB
དྲུག་	དྲུག་	NUM
གི་	གི་	PART
སེམས་ཅན་	སེམས་ཅན་	NOUN
ཐམས་ཅད་	ཐམས་ཅད་	DET
ཁྲོམ་ཚོགས་	ཁྲོམ་ཚོགས་	NO_POS
སུ་	ལ་	PART
འཁོད་	འཁོད་	NO_POS
དེ་	སྟེ་	PART
སྒོ་གསུམ་	སྒོ་གསུམ་	OTHER
འཇུག་པ་	འཇུག་པ་	VERB
གཅིག་པ་	གཅིག་པ་	ADJ
ས་	གིས་	PART
།		PUNCT
བདག་ཅག་	བདག་ཅག་	PRON
རྣམས་	རྣམས་	DET
འཁོར་བ་	འཁོར་བ་	NOUN
སྡུག་བསྔལ་	སྡུག་བསྔལ་	NOUN
གྱི་	གི་	PART
རྒྱ་མཚོ་	རྒྱ་མཚོ་	NOUN
ཆེན་པོ་	ཆེན་པོ་	ADJ
ལ་	ལ་	ADP
ས་	གིས་	PART
སྐྱོབས་པ་	སྐྱོབས་པ་	VERB
འི་	གི་	PART
ནུས་མཐུ་	ནུས་མཐུ་	NOUN
བླ་མ་	བླ་མ་	NOUN
སྤྱན་རས་	སྤྱན་རས་	NO_POS
གཟིགས་	གཟིགས་	VERB
ལ་	ལ་	PART
མངའ་བ་	མངའ་བ་	VERB
ས་	གིས་	PART
རེ་ལྟོས་	རེ་ལྟོས་	NO_POS
ལིང་བསྐྱུར་	ལིང་བསྐྱུར་	NO_POS
གྱིས་	གིས་	PART
དད་པ་	དད་པ་	VERB
དང་	དང་	NO_POS
།		PUNCT
སྐྱབས་	སྐྱབས་	NOUN
ཏུ་	ལ་	PART
གསོལ་	གསོལ་	VERB
སྙམ་པ་	སྙམ་པ་	VERB
འི་	གི་	PART
འདུན་པ་	འདུན་པ་	PROPN
སྐྱོབས་	སྐྱོབས་	VERB
ངེས་པ་	ངེས་པ་	VERB
འི་	གི་	PART
ཡིད་ཆེས་	ཡིད་ཆེས་	NOUN
ཏེ་	སྟེ་	PART
གསུམ་	གསུམ་	NUM
དང་	དང་	NO_POS
ལྡན་པ་	ལྡན་པ་	VERB
འི་	གི་	PART
སྒོ་	སྒོ་	NOUN
ན་	ནས་	PART
།		PUNCT
སངས་རྒྱས་	སངས་རྒྱས་	NOUN
ཆོ་	ཆོ་	NOUN
དང་	དང་	NO_POS
ཚོགས་	ཚོགས་	NOUN
ཀྱི་	གི་	PART
མཆོག་	མཆོག་	ADJ
རྣམས་	རྣམས་	DET
ལ་	ལ་	PART
། །		PUNCT
བྱང་ཆུབ་	བྱང་ཆུབ་	NOUN
བ་	བ་	NOUN
དུ་	ལ་	PART
བདག་ཉིད་	བདག་ཉིད་	NOUN
སྐྱབས་	སྐྱབས་	NOUN
སུ་	ལ་	PART
མཆི་	མཆི་	NO_POS
། །		PUNCT
ཞེ་	ཅེས་	PART
ངག་	ངག་	NOUN
ཏུ་	ལ་	PART
གྲངས་	གྲངས་	NOUN
ཇི་ལྟ་		
འོས་པ་	འོས་པ་	VERB
བརྗོད་པ་	བརྗོད་པ་	VERB
ས་	གིས་	PART
སྐྱབས་	སྐྱབས་	NOUN
སུ་	ལ་	PART
འགྲོ་	འགྲོ་	VERB
ཞིང་	ཅིང་	PART
།		PUNCT
དེང་	དེང་	ADV
ཕྱིན་	ཕྱིན་	VERB
བདག་	བདག་	PRON
དང་སེམས་	དང་སེམས་	NO_POS
ཅན་	ཅན་	PART
རྣམས་	རྣམས་	DET
འཕགས་པ་	འཕགས་པ་	VERB
ཐུགས་རྗེ་	ཐུགས་རྗེ་	NOUN
ཆེན་པོ་	ཆེན་པོ་	ADJ
འི་	གི་	PART
སྐྱབས་	སྐྱབས་	NOUN
འོག་	འོག་	NOUN
ཏུ་	ལ་	PART
ཆུད་	ཆུད་	VERB
ཡོད་	ཡོད་	VERB
སྙམ་པ་	སྙམ་པ་	VERB
འི་	གི་	PART
ངེས་ཤེས་	ངེས་ཤེས་	NOUN
བརྟན་པོ་	བརྟན་པོ་	ADJ
འང་	ཀྱང་	PART
བྱ་	བྱ་	VERB
།		PUNCT
མདུན་	མདུན་	NOUN
དུ་	ལ་	PART
དམིགས་པ་	དམིགས་པ་	VERB
འི་	གི་	PART
སེམས་ཅན་	སེམས་ཅན་	NOUN
དེ་	སྟེ་	PART
རྣམས་	རྣམས་	DET
དམིགས་ཡུལ་	དམིགས་ཡུལ་	NOUN
དུ་	ལ་	PART
བྱ་	བྱ་	VERB
ཏེ་	སྟེ་	PART
།		PUNCT
འདི་	འདི་	DET
ཐམས་ཅད་	ཐམས་ཅད་	DET
བདག་	བདག་	PRON
གི་	གི་	PART
ཕ་མ་	ཕ་མ་	NOUN
ར་	ལ་	PART
མ་	མ་	PART
གྱུར་པ་	གྱུར་པ་	VERB
ནི་	ནི་	NO_POS
གཅིག་	གཅིག་	NUM
ཀྱང་	ཀྱང་	PART
མེད་པ་	མེད་པ་	VERB
འི་	གི་	PART
དྲིན་ཅན་	དྲིན་ཅན་	ADJ
།		PUNCT
བདེ་བ་	བདེ་བ་	VERB
སྒྲུབ་	སྒྲུབ་	VERB
འདོད་	འདོད་	VERB
དང་	དང་	NO_POS
།		PUNCT
སྡུག་བསྔལ་	སྡུག་བསྔལ་	NOUN
སྤོང་	སྤོང་	VERB
འདོད་པ་	འདོད་པ་	VERB
ཤ་སྟག་	ཤ་སྟག་	DET
ཡིན་	ཡིན་	NO_POS
ཀྱང་	ཀྱང་	PART
།		PUNCT
སྡུག་བསྔལ་	སྡུག་བསྔལ་	NOUN
གྱི་	གི་	PART
རྒྱུ་	རྒྱུ་	NOUN
འབའ་ཞིག་	འབའ་ཞིག་	NO_POS
བསྒྲུབས་པ་	བསྒྲུབས་པ་	VERB
ས་	གིས་	PART
།		PUNCT
འབྲས་བུ་	འབྲས་བུ་	NOUN
འཁོར་བ་	འཁོར་བ་	NOUN
དང་	དང་	NO_POS
ངན་སོང་	ངན་སོང་	NOUN
གི་	གི་	PART
སྡུག་བསྔལ་	སྡུག་བསྔལ་	NOUN
དོས་དྲག་པོ་	དོས་དྲག་པོ་	NO_POS
ས་	གིས་	PART
ཐ་	ཐ་	VERB
དུས་	དུས་	NOUN
མེད་པ་	མེད་པ་	VERB
ར་	ལ་	PART
མནར་བ་	མནར་བ་	VERB
འདི་	འདི་	DET
རྣམས་	རྣམས་	DET
།		PUNCT
བདག་	བདག་	PRON
གིས་	གིས་	PART
བདེ་བ་	བདེ་བ་	VERB
ཐམས་ཅད་	ཐམས་ཅད་	DET
ཀྱི་	གི་	PART
མཆོག་	མཆོག་	ADJ
བླ་	བླ་	NOUN
ན་	ལ་	PART
མེད་པ་	མེད་པ་	VERB
རྫོགས་པ་	རྫོགས་པ་	VERB
འི་	གི་	PART
སངས་རྒྱས་	སངས་རྒྱས་	NOUN
ཀྱི་	གི་	PART
གོ་འཕང་	གོ་འཕང་	NOUN
ལ་	ལ་	PART
ཅི་	ཅི་	NO_POS
ན་	ནས་	PART
ཀྱང་	ཀྱང་	PART
འགོད་པ་	འགོད་པ་	VERB
ར་	ལ་	PART
བྱ་	བྱ་	VERB
།		PUNCT
དེ་ལྟ་	དེ་ལྟ་	NO_POS
བུ་	བུ་	NOUN
སྒྲུབ་པ་	སྒྲུབ་པ་	VERB
འི་	གི་	PART
ནུས་པ་	ནུས་པ་	VERB
ད་ལྟ་	ད་ལྟ་	OTHER
བདག་	བདག་	PRON
ལ་	ལ་	PART
མེད་པ་	མེད་པ་	VERB
ས་	གིས་	PART
།		PUNCT
བདག་	བདག་	PRON
གིས་	གིས་	PART
འཕགས་པ་	འཕགས་པ་	VERB
སྤྱན་རས་	སྤྱན་རས་	NO_POS
གཟིགས་	གཟིགས་	VERB
ཀྱི་	གི་	PART
བསྒོམ་	བསྒོམ་	VERB
བཟླས་	བཟླས་	NO_POS
ཟབ་མོ་	ཟབ་མོ་	ADJ
ཉམས་	ཉམས་	NOUN
སུ་	ལ་	PART
བླངས་	བླངས་	VERB
ན་	ནས་	PART
འཕགས་པ་	འཕགས་པ་	VERB
མཆོག་	མཆོག་	ADJ
གི་	གི་	PART
གོ་འཕང་	གོ་འཕང་	NOUN
དམ་པ་	དམ་པ་	VERB
བསྒྲུབ་	བསྒྲུབ་	VERB
ཏེ་	སྟེ་	PART
།		PUNCT
འཁོར་བ་	འཁོར་བ་	NOUN
ཇི་སྲིད་	ཇི་སྲིད་	PRON
བ་	བ་	NOUN
འགྲོ་བ་	འགྲོ་བ་	VERB
འི་	གི་	PART
དོན་	དོན་	NOUN
ལ་	ལ་	PART
སྤྱན་རས་	སྤྱན་རས་	NO_POS
གཟིགས་	གཟིགས་	VERB
ཀྱི་	གི་	PART
རྣམ་ཐར་	རྣམ་ཐར་	NOUN
དང་	དང་	NO_POS
མཚུངས་པ་	མཚུངས་པ་	VERB
ར་	ལ་	PART
འཇུག་པ་	འཇུག་པ་	VERB
ར་	ལ་	PART
བགྱི་	བགྱི་	VERB
འོ་	གོ་	PART
སྙམ་པ་	སྙམ་པ་	VERB
འི་	གི་	PART
བཅོས་མིན་	བཅོས་མིན་	NO_POS
གྱི་	གི་	PART
འདུན་པ་	འདུན་པ་	PROPN
དྲག་པོ་	དྲག་པོ་	ADJ
ས་	གིས་	PART
།		PUNCT
བླ་མ་	བླ་མ་	NOUN
སྤྱན་རས་	སྤྱན་རས་	NO_POS
གཟིགས་	གཟིགས་	VERB
ཀྱི་	གི་	PART
སྤྱན་སྔ་	སྤྱན་སྔ་	PROPN
ར་	ལ་	PART
བྱང་ཆུབ་	བྱང་ཆུབ་	NOUN
ཏུ་	ལ་	PART
སེམས་བསྐྱེད་པ་	སེམས་བསྐྱེད་པ་	NOUN
འི་	གི་	PART
དམ་བཅའ་	དམ་བཅའ་	NOUN
བླངས་	བླངས་	VERB
ན་	ནས་	PART
།		PUNCT
བདག་	བདག་	PRON
གིས་	གིས་	PART
བསྒོམ་	བསྒོམ་	VERB
བཟླས་	བཟླས་	NO_POS
བགྱིས་པ་	བགྱིས་པ་	VERB
འི་	གི་	PART
བསོད་ནམས་	བསོད་ནམས་	NOUN
ཀྱིས་	གིས་	PART
། །		PUNCT
འགྲོ་	འགྲོ་	VERB
ལ་	ལ་	PART
ཕན་	ཕན་	NOUN
ཕྱི་	ཕྱི་	OTHER
སངས་རྒྱས་	སངས་རྒྱས་	NOUN
འགྲུབ་པ་	འགྲུབ་པ་	VERB
ར་	ལ་	PART
ཤོག་	ཤོག་	VERB
།		PUNCT
ཅེས་	ཅེས་	PART
ལན་	ལན་	NOUN
ཁ་ཡ་	ཁ་ཡ་	NO_POS
བརྗོད་	བརྗོད་	VERB
ཅིང་	ཅིང་	PART
སྒོམ་	སྒོམ་	VERB
དོན་	དོན་	NOUN
བློ་	བློ་	NOUN
ལ་	ལ་	PART
གསལ་	གསལ་	VERB
ངེས་	ངེས་	VERB
བྱ་	བྱ་	VERB
།		PUNCT
བླ་མ་	བླ་མ་	NOUN
སྤྱན་རས་	སྤྱན་རས་	NO_POS
གཟིགས་	གཟིགས་	VERB
ཀྱི་	གི་	PART
སྐུ་	སྐུ་	NOUN
ལ་	ལ་	ADP
ས་	གིས་	PART
འོད་ཟེར་	འོད་ཟེར་	NOUN
དུ་མ་	དུ་མ་	ADJ
འཕྲོ་	འཕྲོ་	NOUN
ས་	གིས་	PART
༑		PUNCT
དམིགས་ཡུལ་	དམིགས་ཡུལ་	NOUN
རྣམས་	རྣམས་	DET
ལ་	ལ་	PART
ཕོག་པ་	ཕོག་པ་	VERB
ས་	གིས་	PART
དེ་	སྟེ་	PART
རྣམས་	རྣམས་	DET
ཀྱི་	གི་	PART
སྡིག་སྒྲིབ་	སྡིག་སྒྲིབ་	NOUN
དང་	དང་	NO_POS
སྡུག་བསྔལ་	སྡུག་བསྔལ་	NOUN
སྦྱང་	སྦྱང་	VERB
ན་	ནས་	PART
བདེ་བ་	བདེ་བ་	VERB
དང་	དང་	NO_POS
ལྡན་པ་	ལྡན་པ་	VERB
ར་	ལ་	PART
བྱ་	བྱ་	VERB
༑		PUNCT
སྐྱབས་ཡུལ་	སྐྱབས་ཡུལ་	NO_POS
འོད་	འོད་	NOUN
དུ་	ལ་	PART
ཞུ་བ་	ཞུ་བ་	VERB
རང་	རང་	PRON
ལ་	ལ་	PART
ཐིམ་པ་	ཐིམ་པ་	VERB
ས་	གིས་	PART
རྒྱུད་	རྒྱུད་	NOUN
བྱིན་	བྱིན་	VERB
གྱིས་	གིས་	PART
བརླབས་པ་	བརླབས་པ་	VERB
ར་	ལ་	PART
བསམ་	བསམ་	NOUN
མོ་	གོ་	PART
། །		PUNCT
གཉིས་པ་	གཉིས་པ་	NUM
ལྷ་	ལྷ་	NOUN
བསྒོམ་པ་	བསྒོམ་པ་	VERB
ནི་	ནི་	NO_POS
།		PUNCT
བདག་	བདག་	PRON
ཐ་མལ་པ་	ཐ་མལ་པ་	ADJ
ར་	ལ་	PART
གནས་པ་	གནས་པ་	VERB
འི་	གི་	PART
མཐའ་	མཐའ་	NOUN
བསྐོར་	བསྐོར་	VERB
དུ་	ལ་	PART
སྙིང་རྗེ་	སྙིང་རྗེ་	NOUN
འི་	གི་	PART
ཡུལ་	ཡུལ་	NOUN
དུ་	ལ་	PART
གྱུར་པ་	གྱུར་པ་	VERB
འི་	གི་	PART
འགྲོ་	འགྲོ་	VERB
དྲུག་	དྲུག་	NUM
སྐྱབས་འགྲོ་	སྐྱབས་འགྲོ་	OTHER
འི་	གི་	PART
སྐབས་	སྐབས་	NOUN
ལྟ་	ལྟ་	OTHER
གསལ་བ་	གསལ་བ་	VERB
འི་	གི་	PART
།		PUNCT
སོ་སོ་	སོ་སོ་	PRON
འི་	གི་	PART
སྤྱི་བོ་	སྤྱི་བོ་	NOUN
ར་	ལ་	PART
རབ་ཏུ་	རབ་ཏུ་	NO_POS
རྒྱས་པ་	རྒྱས་པ་	VERB
འི་	གི་	PART
པདྨ་	པདྨ་	NOUN
དཀར་པོ་	དཀར་པོ་	ADJ
འདབ་	འདབ་	OTHER
བརྒྱད་	བརྒྱད་	NUM
ཟེའུ་འབྲུ་	ཟེའུ་འབྲུ་	NOUN
དང་	དང་	NO_POS
བཅས་པ་	བཅས་པ་	VERB
འི་	གི་	PART
ལྟེ་བ་	ལྟེ་བ་	NOUN
ར་	ལ་	PART
ཟླ་བ་	ཟླ་བ་	NOUN
འི་	གི་	PART
དཀྱིལ་འཁོར་	དཀྱིལ་འཁོར་	NOUN
ཉ་གང་བ་	ཉ་གང་བ་	NOUN
དྲི་མ་	དྲི་མ་	NOUN
མེད་པ་	མེད་པ་	VERB
འི་	གི་	PART
སྟེང་	སྟེང་	NOUN
དུ་	ལ་	PART
།		PUNCT
ཧྲཱིཿ་		NON_WORD
ཡིག་	ཡིག་	NOUN
མུ་ཏིག་	མུ་ཏིག་	NOUN
གི་	གི་	PART
མདོག་	མདོག་	NOUN
ལྟ་	ལྟ་	OTHER
དཀ་	དཀའ་	VERB
ར་	ལ་	PART
ཞིང་	ཅིང་	PART
འོད་	འོད་	NOUN
འཚེར་བ་	འཚེར་བ་	VERB
།		PUNCT
རྒྱལ་བ་	རྒྱལ་བ་	NOUN
ཀུན་	ཀུན་	DET
གྱི་	གི་	PART
མཐུ་སྟོབས་	མཐུ་སྟོབས་	NOUN
གཅིག་	གཅིག་	NUM
ཏུ་	ལ་	PART
བསྡུས་པ་	བསྡུས་པ་	VERB
འི་	གི་	PART
རང་གཟུགས་	རང་གཟུགས་	OTHER
སུ་	ལ་	PART
ཤར་བ་	ཤར་བ་	VERB
ར་	ལ་	PART
བསྒོམ་	བསྒོམ་	VERB
།		PUNCT
དེ་ལས་	དེ་ལས་	NO_POS
འོད་	འོད་	NOUN
ཟླ་བ་	ཟླ་བ་	NOUN
འི་	གི་	PART
ཟེ་	ཟེ་	VERB
ལྟ་བུ་	ལྟ་བུ་	NOUN
གྲངས་མེད་	གྲངས་མེད་	NOUN
འཕྲོ་	འཕྲོ་	NOUN
ས་	གིས་	PART
།		PUNCT
ཕྱོགས་	ཕྱོགས་	NOUN
བཅུ་	བཅུ་	NUM
འི་	གི་	PART
རྒྱལ་བ་	རྒྱལ་བ་	NOUN
འི་	གི་	PART
དཀྱིལ་འཁོར་	དཀྱིལ་འཁོར་	NOUN
མ་ལུས་པ་	མ་ལུས་པ་	OTHER
ལ་	ལ་	PART
སྐུ་གསུང་ཐུགས་	སྐུ་གསུང་ཐུགས་	NOUN
མཉེས་པ་	མཉེས་པ་	VERB
འི་	གི་	PART
མཆོད་པ་	མཆོད་པ་	VERB
འབུལ་	འབུལ་	NO_POS
།		PUNCT
བདག་གཞན་	བདག་གཞན་	NOUN
ཐམས་ཅད་	ཐམས་ཅད་	DET
ལ་	ལ་	PART
ཕོག་པ་	ཕོག་པ་	VERB
ས་	གིས་	PART
ནད་གདོན་	ནད་གདོན་	OTHER
སྡིག་སྒྲིབ་	སྡིག་སྒྲིབ་	NOUN
ཐམས་ཅད་	ཐམས་ཅད་	DET
སྦྱངས་	སྦྱངས་	VERB
༑		PUNCT
རིགས་	རིགས་	NOUN
དྲུག་	དྲུག་	NUM
གི་	གི་	PART
གནས་	གནས་	NOUN
ཐམས་ཅད་	ཐམས་ཅད་	DET
ལ་	ལ་	PART
ཁྱབ་པ་	ཁྱབ་པ་	VERB
ས་	གིས་	PART
སྡུག་བསྔལ་	སྡུག་བསྔལ་	NOUN
བསལ་	བསལ་	VERB
ན་	ནས་	PART
བདེ་བ་	བདེ་བ་	VERB
ལ་	ལ་	PART
བཀོད་	བཀོད་	VERB
།		PUNCT
འཕགས་པ་	འཕགས་པ་	VERB
འི་	གི་	PART
ཚོགས་	ཚོགས་	NOUN
ཀྱི་	གི་	PART
བྱིན་རླབས་	བྱིན་རླབས་	NOUN
འོད་ཟེར་	འོད་ཟེར་	NOUN
གྱི་	གི་	PART
རྣམ་པ་	རྣམ་པ་	NOUN
ར་	ལ་	PART
ཚུ་		
བསྡུ་	བསྡུ་	VERB
།		PUNCT
སྤྱི་བོ་	སྤྱི་བོ་	NOUN
འི་	གི་	PART
ཧྲཱིཿ་		NON_WORD
ཡིག་	ཡིག་	NOUN
སོ་སོ་	སོ་སོ་	PRON
ལ་	ལ་	PART
ཐིམ་པ་	ཐིམ་པ་	VERB
འི་	གི་	PART
རྐྱེན་	རྐྱེན་	NOUN
གྱིས་	གིས་	PART
སྐད་ཅིག་	སྐད་ཅིག་	OTHER
གིས་	གིས་	PART
འཕགས་མཆོག་	འཕགས་མཆོག་	OTHER
སྤྱན་རས་	སྤྱན་རས་	NO_POS
གཟིགས་	གཟིགས་	VERB
སྐུ་མདོག་	སྐུ་མདོག་	NOUN
གངས་	གངས་	NOUN
ལ་	ལ་	PART
ཉི་མ་	ཉི་མ་	NOUN
ཤར་བ་	ཤར་བ་	VERB
ལྟ་	ལྟ་	OTHER
ཤིན་ཏུ་	ཤིན་ཏུ་	NO_POS
དཀ་	དཀའ་	VERB
ར་	ལ་	PART
ཞིང་	ཅིང་	PART
གསལ་	གསལ་	VERB
ལ་	ལ་	PART
འཚེར་བ་	འཚེར་བ་	VERB
སྐུ་	སྐུ་	NOUN
ལ་	ལ་	ADP
ས་	གིས་	PART
འོད་ཟེར་	འོད་ཟེར་	NOUN
ཁ་དོག་	ཁ་དོག་	NOUN
ལྔ་ལྡན་	ལྔ་ལྡན་	OTHER
འཕྲོ་བ་	འཕྲོ་བ་	VERB
ས་	གིས་	PART
རྒྱལ་བ་	རྒྱལ་བ་	NOUN
འི་	གི་	PART
ཞིང་ཁམས་	ཞིང་ཁམས་	NOUN
ཁྱབ་པ་	ཁྱབ་པ་	VERB
ས་	གིས་	PART
།		PUNCT
འཕགས་པ་	འཕགས་པ་	VERB
རྣམས་	རྣམས་	DET
འགྲོ་བ་	འགྲོ་བ་	VERB
འི་	གི་	PART
དོན་	དོན་	NOUN
ལ་	ལ་	PART
བསྐུལ་མ་	བསྐུལ་མ་	NOUN
མཛད་	མཛད་	VERB
།		PUNCT
མ་	མ་	NOUN
རིགས་	རིགས་	NOUN
དྲུག་	དྲུག་	NUM
གི་	གི་	PART
གནས་	གནས་	NOUN
རྣམས་	རྣམས་	DET
སུ་	ལ་	PART
ཁྱབ་པ་	ཁྱབ་པ་	VERB
ས་	གིས་	PART
སོ་སོ་	སོ་སོ་	PRON
འི་	གི་	PART
སྡུག་བསྔལ་	སྡུག་བསྔལ་	NOUN
ཐམས་ཅད་	ཐམས་ཅད་	DET
བསལ་	བསལ་	VERB
ན་	ནས་	PART
བདེ་བ་	བདེ་བ་	VERB
དང་	དང་	NO_POS
ལྡན་པ་	ལྡན་པ་	VERB
ར་	ལ་	PART
སྦྱོར་བ་	སྦྱོར་བ་	VERB
ས་	གིས་	PART
།		PUNCT
བདག་	བདག་	PRON
དང་སེམས་	དང་སེམས་	NO_POS
ཅན་	ཅན་	PART
ཐམས་ཅད་	ཐམས་ཅད་	DET
ལ་	ལ་	PART
དགྱེས་པ་	དགྱེས་པ་	VERB
འི་	གི་	PART
འཛུམ་མདངས་	འཛུམ་མདངས་	OTHER
དང་	དང་	NO_POS
ལྡན་	ལྡན་	VERB
ཞིང་	ཅིང་	PART
།		PUNCT
བུ་	བུ་	NOUN
གཅིག་པོ་	གཅིག་པོ་	NUM
ལ་མ་	ལ་མ་	NO_POS
ས་	གིས་	PART
བརྩེ་བ་	བརྩེ་བ་	VERB
བཞིན་	བཞིན་	NOUN
དུ་	ལ་	PART
བདག་གཞན་	བདག་གཞན་	NOUN
འགྲོ་བ་	འགྲོ་བ་	VERB
རྣམས་	རྣམས་	DET
ལ་	ལ་	PART
བྱམས་བརྩེ་	བྱམས་བརྩེ་	OTHER
འི་	གི་	PART
ཐུགས་	ཐུགས་	NOUN
ཀྱི་	གི་	PART
རྟག་	རྟག་	VERB
ཏུ་	ལ་	PART
ཁྱབ་པ་	ཁྱབ་པ་	VERB
འི་	གི་	PART
སྤྱན་རས་	སྤྱན་རས་	NO_POS
ཟུང་	ཟུང་	VERB
གིས་	གིས་	PART
དུས་གསུམ་	དུས་གསུམ་	OTHER
ཀུན་	ཀུན་	DET
ཏུ་	ལ་	PART
གཟིགས་པ་	གཟིགས་པ་	VERB
ཕྱག་	ཕྱག་	NOUN
བཞི་	བཞི་	NUM
དང་པོ་	དང་པོ་	ADJ
གཉིས་	གཉིས་	NUM
ཐུགས་ཀ་	ཐུགས་ཀ་	NOUN
ར་	ལ་	PART
ཐལ་མོ་	ཐལ་མོ་	NOUN
སྦྱར་བ་	སྦྱར་བ་	VERB
།		PUNCT
གཡའ་	གཡའ་	NOUN
འོག་མ་	འོག་མ་	ADJ
ས་	གིས་	PART
ཤེལ་དཀར་	ཤེལ་དཀར་	NOUN
གྱི་	གི་	PART
ཕྲེང་བ་	ཕྲེང་བ་	NOUN
འཛིན་	འཛིན་	VERB
ཅིང་	ཅིང་	PART
།		PUNCT
གཡོན་	གཡོན་	NOUN
འོག་མ་	འོག་མ་	ADJ
ས་	གིས་	PART
པདྨ་	པདྨ་	NOUN
དཀར་པོ་	དཀར་པོ་	ADJ
འདབ་མ་	འདབ་མ་	NOUN
བརྒྱད་པ་	བརྒྱད་པ་	NUM
སྡོང་བུ་	སྡོང་བུ་	NOUN
དང་	དང་	NO_POS
བཅས་པ་	བཅས་པ་	VERB
འཛིན་པ་	འཛིན་པ་	VERB
།		PUNCT
དར་དཀར་པོ་	དར་དཀར་པོ་	NOUN
གསེར་	གསེར་	NOUN
གྱི་	གི་	PART
རི་མོ་	རི་མོ་	NOUN
ཅན་	ཅན་	PART
གྱི་	གི་	PART
སྟོད་གཡོགས་	སྟོད་གཡོགས་	NOUN
དང་	དང་	NO_POS
དར་དཔྱངས་	དར་དཔྱངས་	NOUN
མཛེ་	མཛེ་	VERB
ཤིང་	ཅིང་	PART
།		PUNCT
ད་	ད་	NOUN
དམར་པོ་	དམར་པོ་	ADJ
འི་	གི་	PART
ཤམ་ཐབས་	ཤམ་ཐབས་	NOUN
ཅན་	ཅན་	PART
།		PUNCT
ཛམྦུའི་		NON_WORD
ཆུ་བོ་	ཆུ་བོ་	NOUN
འི་	གི་	PART
གསེར་	གསེར་	NOUN
ལ་	ལ་	PART
ལྷ་	ལྷ་	NOUN
འི་	གི་	PART
རིན་པོ་ཆེ་	རིན་པོ་ཆེ་	ADJ
དུ་མ་	དུ་མ་	ADJ
འི་	གི་	PART
ཕྲ་ཚོམ་	ཕྲ་ཚོམ་	OTHER
གྱིས་	གིས་	PART
སྤྲས་པ་	སྤྲས་པ་	VERB
འི་	གི་	PART
དབུ་	དབུ་	NOUN
བརྒྱན་	བརྒྱན་	VERB
།		PUNCT
སྙན་	སྙན་	NOUN
ཆ་	ཆ་	NOUN
།		PUNCT
མགུལ་རྒྱན་	མགུལ་རྒྱན་	NOUN
།		PUNCT
དོ་ཤལ་	དོ་ཤལ་	OTHER
།		PUNCT
སེ་	སེ་	NO_POS
མོ་	གོ་	PART
དོ་	གོ་	PART
།		PUNCT
དཔུང་རྒྱན་	དཔུང་རྒྱན་	PROPN
དང་	དང་	NO_POS
།		PUNCT
ཕྱག་	ཕྱག་	NOUN
ཞབས་	ཞབས་	NOUN
ཀྱི་	གི་	PART
གདུབ་	གདུབ་	NO_POS
བུ་	བུ་	NOUN
།		PUNCT
སྐ་རགས་	སྐ་རགས་	NOUN
གཡེར་ཁ་	གཡེར་ཁ་	NO_POS
འི་	གི་	PART
ཕྲེང་བ་	ཕྲེང་བ་	NOUN
སྐད་	སྐད་	NOUN
སྙན་པ་	སྙན་པ་	VERB
ར་	ལ་	PART
འཁྲོལ་བ་	འཁྲོལ་བ་	VERB
དང་	དང་	NO_POS
བཅས་པ་	བཅས་པ་	VERB
ས་	གིས་	PART
སྐུ་	སྐུ་	NOUN
འི་	གི་	PART
ཆ་	ཆ་	NOUN
ཀུན་	ཀུན་	DET
ལེགས་པ་	ལེགས་པ་	VERB
ར་	ལ་	PART
བརྒྱན་པ་	བརྒྱན་པ་	VERB
།		PUNCT
རི་དྭགས་	རི་དྭགས་	NOUN
ཀྲྀཥྞ་		NON_WORD
ས་ར་	ས་ར་	NO_POS
འི་	གི་	PART
པགས་པ་	པགས་པ་	NOUN
གསེར་མདོག་	གསེར་མདོག་	OTHER
ཅན་	ཅན་	PART
གྱིས་	གིས་	PART
ནུ་མ་	ནུ་མ་	NOUN
གཡོན་པ་	གཡོན་པ་	ADJ
བཀབ་པ་	བཀབ་པ་	VERB
།		PUNCT
དབུ་སྐྲ་	དབུ་སྐྲ་	OTHER
ཐོར་ཚུགས་	ཐོར་ཚུགས་	NO_POS
སུ་	ལ་	PART
བཅིངས་པ་	བཅིངས་པ་	VERB
འི་	གི་	PART
ལྷག་མ་	ལྷག་མ་	NOUN
ཐུར་	ཐུར་	NOUN
དུ་	ལ་	PART
གྲོལ་བ་	གྲོལ་བ་	VERB
།		PUNCT
རིགས་	རིགས་	NOUN
བདག་	བདག་	PRON
སངས་རྒྱས་	སངས་རྒྱས་	NOUN
འོད་	འོད་	NOUN
དཔག་མེད་	དཔག་མེད་	ADJ
མཆོག་	མཆོག་	ADJ
གི་	གི་	PART
སྤྲུལ་སྐུ་	སྤྲུལ་སྐུ་	NOUN
འི་	གི་	PART
ཆ་ལུགས་	ཆ་ལུགས་	NOUN
ཅན་	ཅན་	PART
གཙུག་ཏོར་	གཙུག་ཏོར་	PROPN
གྱི་	གི་	PART
རྩེ་མོ་	རྩེ་མོ་	NOUN
ར་	ལ་	PART
བཞུགས་པ་	བཞུགས་པ་	VERB
འི་	གི་	PART
དབུ་	དབུ་	NOUN
བརྒྱན་	བརྒྱན་	VERB
ཅན་	ཅན་	PART
།		PUNCT
ཞབས་	ཞབས་	NOUN
གཉིས་	གཉིས་	NUM
རྡོ་རྗེ་	རྡོ་རྗེ་	NOUN
འི་	གི་	PART
སྐྱིལ་མོ་ཀྲུང་	སྐྱིལ་མོ་ཀྲུང་	NOUN
དུ་	ལ་	PART
བཞུགས་པ་	བཞུགས་པ་	VERB
།		PUNCT
དྲི་མ་	དྲི་མ་	NOUN
མེད་	མེད་	VERB
ཅིང་	ཅིང་	PART
རབ་ཏུ་	རབ་ཏུ་	NO_POS
རྒྱས་པ་	རྒྱས་པ་	VERB
ཟླ་བ་	ཟླ་བ་	NOUN
འི་	གི་	PART
རྒྱབ་ཡོལ་	རྒྱབ་ཡོལ་	NO_POS
ལ་	ལ་	PART
སྐུ་	སྐུ་	NOUN
བསྟེན་པ་	བསྟེན་པ་	VERB
།		PUNCT
དུས་གསུམ་	དུས་གསུམ་	OTHER
དུ་	ལ་	PART
འབྱོན་	འབྱོན་	NO_POS
ཞིང་	ཅིང་	PART
།		PUNCT
ཕྱོགས་	ཕྱོགས་	NOUN
བཅུ་	བཅུ་	NUM
ན་	ལ་	PART
བཞུགས་པ་	བཞུགས་པ་	VERB
འི་	གི་	PART
སྐྱབས་གནས་	སྐྱབས་གནས་	NOUN
དཀོན་མཆོག་	དཀོན་མཆོག་	NOUN
ཀུན་	ཀུན་	DET
འདུ་	འདུ་	VERB
ཀྱི་	གི་	PART
ངོ་བོ་	ངོ་བོ་	NOUN
ར་	ལ་	PART
བཞུགས་པ་	བཞུགས་པ་	VERB
ར་	ལ་	PART
བསམས་	བསམས་	VERB
ལ་	ལ་	PART
།		PUNCT
བདག་	བདག་	PRON
སོགས་	སོགས་	DET
མཁའ་ཁྱབ་	མཁའ་ཁྱབ་	NOUN
སེམས་ཅན་	སེམས་ཅན་	NOUN
གྱི་	གི་	PART
། །		PUNCT
སྤྱི་གཙུག་	སྤྱི་གཙུག་	NOUN
པད་དཀར་	པད་དཀར་	OTHER
ཟླ་བ་	ཟླ་བ་	NOUN
འི་	གི་	PART
སྟེང་	སྟེང་	NOUN
། །		PUNCT
ཧྲཱིཿ་		NON_WORD
ལ་	ལ་	ADP
ས་	གིས་	PART
འཕགས་མཆོག་	འཕགས་མཆོག་	OTHER
སྤྱན་རས་	སྤྱན་རས་	NO_POS
གཟིགས་	གཟིགས་	VERB
། །		PUNCT
དཀར་གསལ་	དཀར་གསལ་	NOUN
འོད་ཟེར་	འོད་ཟེར་	NOUN
ལྔ་ལྡན་	ལྔ་ལྡན་	OTHER
འཕྲོ་	འཕྲོ་	NOUN
། །		PUNCT
འཛུམ་	འཛུམ་	NO_POS
ལྡན་	ལྡན་	VERB
ཐུགས་རྗེ་	ཐུགས་རྗེ་	NOUN
འི་	གི་	PART
སྤྱན་	སྤྱན་	NOUN
གྱིས་	གིས་	PART
གཟིགས་	གཟིགས་	VERB
། །		PUNCT
ཕྱག་	ཕྱག་	NOUN
བཞི་	བཞི་	NUM
འི་	གི་	PART
དང་པོ་	དང་པོ་	ADJ
ཐལ་སྦྱར་	ཐལ་སྦྱར་	NO_POS
མཛད་	མཛད་	VERB
། །		PUNCT
འོག་	འོག་	NOUN
གཉིས་	གཉིས་	NUM
ཤེལ་	ཤེལ་	NOUN
ཕྲེང་	ཕྲེང་	OTHER
པད་དཀར་	པད་དཀར་	OTHER
བསྣམས་	བསྣམས་	NO_POS
། །		PUNCT
ད་	ད་	NOUN
དང་	དང་	NO_POS
རིན་ཆེན་	རིན་ཆེན་	OTHER
རྒྱན་	རྒྱན་	NOUN
གྱིས་	གིས་	PART
སྤྲ་	སྤྲ་	NO_POS
ས་	གིས་	PART
། །		PUNCT
རི་དྭགས་	རི་དྭགས་	NOUN
པགས་པ་	པགས་པ་	NOUN
འི་	གི་	PART
སྟོད་གཡོགས་	སྟོད་གཡོགས་	NOUN
གསོལ་	གསོལ་	VERB
། །		PUNCT
འོད་	འོད་	NOUN
དཔག་མེད་པ་	དཔག་མེད་པ་	ADJ
འི་	གི་	PART
དབུ་རྒྱན་	དབུ་རྒྱན་	NOUN
ཅན་	ཅན་	PART
། །		PUNCT
ཞབས་	ཞབས་	NOUN
གཉིས་	གཉིས་	NUM
རྡོ་རྗེ་	རྡོ་རྗེ་	NOUN
འི་	གི་	PART
སྐྱིལ་ཀྲུང་	སྐྱིལ་ཀྲུང་	NOUN
བཞུགས་	བཞུགས་	VERB
། །		PUNCT
དྲི་མེད་	དྲི་མེད་	ADJ
ཟླ་བ་	ཟླ་བ་	NOUN
ར་	ལ་	PART
རྒྱབ་	རྒྱབ་	NOUN
བསྟེན་པ་	བསྟེན་པ་	VERB
། །		PUNCT
སྐྱབས་གནས་	སྐྱབས་གནས་	NOUN
ཀུན་	ཀུན་	DET
འདུ་	འདུ་	VERB
ངོ་བོ་	ངོ་བོ་	NOUN
ར་	ལ་	PART
གྱུར་	གྱུར་	VERB
།  །		PUNCT
ཞེ་	ཅེས་	PART
དལ་བུ་	དལ་བུ་	NOUN
ས་	གིས་	PART
སྐབས་	སྐབས་	NOUN
ཕྱེད་པ་	ཕྱེད་པ་	VERB
ར་	ལ་	PART
བཀླག་	བཀླག་	VERB
ཅིང་	ཅིང་	PART
སྐུ་	སྐུ་	NOUN
འི་	གི་	PART
རྣམ་པ་	རྣམ་པ་	NOUN
རེ་རེ་	རེ་རེ་	DET
ན་	ནས་	PART
གསལ་	གསལ་	VERB
འདེབས་	འདེབས་	VERB
བྱ་	བྱ་	VERB
འོ་	གོ་	PART
། །		PUNCT
གསུམ་པ་	གསུམ་པ་	NUM
སྔགས་	སྔགས་	NOUN
བཟླ་བ་	བཟླ་བ་	NO_POS
ལ་	ལ་	ADP
འང་	ཀྱང་	PART
གསོལ་འདེབས་	གསོལ་འདེབས་	NOUN
ཀྱི་	གི་	PART
སྒོ་	སྒོ་	NOUN
ན་	ནས་	PART
ཐུགས་	ཐུགས་	NOUN
བརྒྱུད་	བརྒྱུད་	NO_POS
བསྐུལ་བ་	བསྐུལ་བ་	VERB
དང་	དང་	NO_POS
།		PUNCT
སྤྲོ་	སྤྲོ་	NO_POS
བསྡུ་	བསྡུ་	VERB
ལ་	ལ་	PART
བརྟེན་	བརྟེན་	VERB
ན་	ནས་	PART
སྒོ་གསུམ་	སྒོ་གསུམ་	OTHER
ལྷ་	ལྷ་	NOUN
འི་	གི་	PART
རྣལ་འབྱོར་	རྣལ་འབྱོར་	NOUN
དུ་	ལ་	PART
བྱ་བ་	བྱ་བ་	VERB
གཉིས་	གཉིས་	NUM
ཀྱི་	གི་	PART
།		PUNCT
དང་པོ་	དང་པོ་	ADJ
༼		PUNCT
གསོལ་འདེབས་	གསོལ་འདེབས་	NOUN
ཀྱི་	གི་	PART
སྒོ་	སྒོ་	NOUN
ན་	ནས་	PART
ཐུགས་	ཐུགས་	NOUN
བརྒྱུད་	བརྒྱུད་	NO_POS
བསྐུལ་བ་	བསྐུལ་བ་	VERB
༽		PUNCT
ནི་	ནི་	NO_POS
།		PUNCT
དེ་ལྟ་	དེ་ལྟ་	NO_POS
གསལ་བ་	གསལ་བ་	VERB
འི་	གི་	PART
བླ་མ་	བླ་མ་	NOUN
འཕགས་མཆོག་	འཕགས་མཆོག་	OTHER
སྤྱན་རས་	སྤྱན་རས་	NO_POS
གཟིགས་	གཟིགས་	VERB
ལ་	ལ་	PART
བདག་	བདག་	PRON
དང་སེམས་	དང་སེམས་	NO_POS
ཅན་	ཅན་	PART
ཐམས་ཅད་	ཐམས་ཅད་	DET
ཀྱི་	གི་	PART
མགྲིན་	མགྲིན་	NOUN
གཅིག་པ་	གཅིག་པ་	ADJ
དང་	དང་	NO_POS
།		PUNCT
བློ་རྩེ་	བློ་རྩེ་	NO_POS
གཅིག་པ་	གཅིག་པ་	ADJ
ས་	གིས་	PART
ཅི་	ཅི་	NO_POS
མཛད་	མཛད་	VERB
ཁྱེད་	ཁྱེད་	PRON
ཤེ་	ཤེ་	VERB
བློ་	བློ་	NOUN
གཏད་	གཏད་	VERB
ལིང་བསྐྱུར་	ལིང་བསྐྱུར་	NO_POS
གྱིས་	གིས་	PART
རིགས་	རིགས་	NOUN
དྲུག་	དྲུག་	NUM
འཁོར་བ་	འཁོར་བ་	NOUN
འི་	གི་	PART
གནས་	གནས་	NOUN
ལ་	ལ་	ADP
ས་	གིས་	PART
བསྒྲལ་	བསྒྲལ་	NO_POS
ན་	ནས་	PART
།		PUNCT
རྣམ་པ་	རྣམ་པ་	NOUN
ཐམས་ཅད་	ཐམས་ཅད་	DET
མཁྱེན་པ་	མཁྱེན་པ་	VERB
འི་	གི་	PART
ས་	ས་	ADP
ལ་	ལ་	PART
འདྲེན་པ་	འདྲེན་པ་	VERB
ར་	ལ་	PART
མཛད་	མཛད་	VERB
དུ་	ལ་	PART
གསོལ་	གསོལ་	VERB
སྙམ་པ་	སྙམ་པ་	VERB
འི་	གི་	PART
སྒོ་	སྒོ་	NOUN
ན་	ནས་	PART
།		PUNCT
ཇོ་བོ་	ཇོ་བོ་	NOUN
སྐྱོན་	སྐྱོན་	NOUN
གྱིས་	གིས་	PART
མ་	མ་	PART
གོས་སྐུ་	གོས་སྐུ་	NO_POS
མདོག་	མདོག་	NOUN
དཀ་	དཀའ་	VERB
ར་	ལ་	PART
། །		PUNCT
རྫོགས་	རྫོགས་	VERB
སངས་རྒྱས་	སངས་རྒྱས་	NOUN
ཀྱིས་	གིས་	PART
དབུ་	དབུ་	NOUN
ལ་	ལ་	PART
བརྒྱན་	བརྒྱན་	VERB
། །		PUNCT
ཐུགས་རྗེ་	ཐུགས་རྗེ་	NOUN
འི་	གི་	PART
སྤྱན་	སྤྱན་	NOUN
གྱིས་	གིས་	PART
འགྲོ་	འགྲོ་	VERB
ལ་	ལ་	PART
གཟིགས་	གཟིགས་	VERB
། །		PUNCT
སྤྱན་རས་	སྤྱན་རས་	NO_POS
གཟིགས་	གཟིགས་	VERB
ལ་	ལ་	PART
ཕྱག་	ཕྱག་	NOUN
འཚལ་	འཚལ་	VERB
ལོ་	གོ་	PART
། །		PUNCT
ཞེ་	ཅེས་	PART
ལན་	ལན་	NOUN
བརྒྱ་	བརྒྱ་	NUM
འམ་	གམ་	PART
།		PUNCT
ཉེ་	ཉེ་	NUM
གཅིག་	གཅིག་	NUM
བདུན་	བདུན་	NUM
སོགས་	སོགས་	DET
རྒྱུད་	རྒྱུད་	NOUN
འཁོལ་	འཁོལ་	NO_POS
ཞིང་	ཅིང་	PART
།		PUNCT
སྣང་བ་	སྣང་བ་	VERB
འགྱུར་	འགྱུར་	VERB
ངེས་	ངེས་	VERB
ཀྱི་	གི་	PART
བ་	བ་	NOUN
དུ་	ལ་	PART
ཅི་	ཅི་	NO_POS
ནུས་	ནུས་	VERB
བརྗོད་	བརྗོད་	VERB
།		PUNCT
སྤྲོ་	སྤྲོ་	NO_POS
ཞིང་	ཅིང་	PART
ནུས་	ནུས་	VERB
ན་	ལ་	PART
།		PUNCT
དགེ་སློང་	དགེ་སློང་	NOUN
མ་	མ་	PART
དཔལ་མོ་	དཔལ་མོ་	PROPN
ས་	གིས་	PART
མཛད་པ་	མཛད་པ་	VERB
འི་	གི་	PART
པོ་བསྟོད་	པོ་བསྟོད་	OTHER
།		PUNCT
སློབ་དཔོན་	སློབ་དཔོན་	NOUN
ཟླ་བ་	ཟླ་བ་	NOUN
ས་	གིས་	PART
མཛད་པ་	མཛད་པ་	VERB
འི་	གི་	PART
སྨྲེ་	སྨྲེ་	NO_POS
ངག་	ངག་	NOUN
གིས་	གིས་	PART
བསྟོད་པ་	བསྟོད་པ་	VERB
བྱིན་རླབས་	བྱིན་རླབས་	NOUN
ཅན་	ཅན་	PART
སོགས་	སོགས་	DET
འབྲེལ་	འབྲེལ་	VERB
ཆགས་	ཆགས་	VERB
ཤིང་	ཅིང་	PART
བྱིན་རླབས་	བྱིན་རླབས་	NOUN
ལྡན་པ་	ལྡན་པ་	VERB
འི་	གི་	PART
གསོལ་འདེབས་	གསོལ་འདེབས་	NOUN
ཅི་རིགས་	ཅི་རིགས་	OTHER
སྦྱར་	སྦྱར་	VERB
ན་	ན་	ADP
འང་	ཀྱང་	PART
ལེགས་པ་	ལེགས་པ་	VERB
འི་	གི་	PART
ཡན་ལག་	ཡན་ལག་	NOUN
ཏུ་	ལ་	PART
འགྱུར་	འགྱུར་	VERB
སྙམ་	སྙམ་	VERB
མོ་	གོ་	PART
། །		PUNCT
གཉིས་པ་	གཉིས་པ་	NUM
སྤྲོ་	སྤྲོ་	NO_POS
བསྡུ་	བསྡུ་	VERB
ལ་	ལ་	PART
བརྟེན་	བརྟེན་	VERB
ན་	ནས་	PART
སྒོ་གསུམ་	སྒོ་གསུམ་	OTHER
ལྷ་	ལྷ་	NOUN
འི་	གི་	PART
རྣལ་འབྱོར་	རྣལ་འབྱོར་	NOUN
དུ་	ལ་	PART
བསྒྲུབ་པ་	བསྒྲུབ་པ་	VERB
ནི་	ནི་	NO_POS
།		PUNCT
དེ་ལྟ་	དེ་ལྟ་	NO_POS
རྩེ་གཅིག་པ་	རྩེ་གཅིག་པ་	ADJ
འི་	གི་	PART
ཡིད་	ཡིད་	NOUN
ཀྱིས་	གིས་	PART
གསོལ་བ་	གསོལ་བ་	VERB
བཏབ་	བཏབ་	VERB
ཅིང་	ཅིང་	PART
ཐུགས་	ཐུགས་	NOUN
བརྒྱུད་	བརྒྱུད་	NO_POS
བསྐུལ་བ་	བསྐུལ་བ་	VERB
ལ་	ལ་	PART
བརྟེན་	བརྟེན་	VERB
ན་	ནས་	PART
།		PUNCT
སྤྱི་བོ་	སྤྱི་བོ་	NOUN
འི་	གི་	PART
འཕགས་པ་	འཕགས་པ་	VERB
འི་	གི་	PART
སྐུ་	སྐུ་	NOUN
ལ་	ལ་	ADP
ས་	གིས་	PART
འོད་ཟེར་	འོད་ཟེར་	NOUN
ཁ་དོག་	ཁ་དོག་	NOUN
ལྔ་ལྡན་	ལྔ་ལྡན་	OTHER
དཀར་པོ་	དཀར་པོ་	ADJ
ཤ་	ཤ་	DET
ཆེ་བ་	ཆེ་བ་	VERB
དཔག་	དཔག་	VERB
ཏུ་	ལ་	PART
མེད་པ་	མེད་པ་	VERB
འཕྲོ་	འཕྲོ་	NOUN
ས་	གིས་	PART
།		PUNCT
བདག་	བདག་	PRON
དང་སེམས་	དང་སེམས་	NO_POS
ཅན་	ཅན་	PART
རྣམས་	རྣམས་	DET
ལ་	ལ་	PART
ཕོག་པ་	ཕོག་པ་	VERB
ཙམ་	ཙམ་	DET
གྱིས་	གིས་	PART
སྒྲོན་མེ་	སྒྲོན་མེ་	NOUN
འི་	གི་	PART
འོད་	འོད་	NOUN
ཀྱིས་	གིས་	PART
མུན་པ་	མུན་པ་	NOUN
བསལ་བ་	བསལ་བ་	VERB
ལྟ་	ལྟ་	OTHER
།		PUNCT
རང་གཞན་	རང་གཞན་	NOUN
གྱི་	གི་	PART
རྒྱུད་	རྒྱུད་	NOUN
ལ་	ལ་	PART
ཐོགས་མེད་	ཐོགས་མེད་	PROPN
ན་	ནས་	PART
བསགས་པ་	བསགས་པ་	VERB
འི་	གི་	PART
མཚམས་མེད་	མཚམས་མེད་	NOUN
ལྔ་	ལྔ་	NUM
དང་	དང་	NO_POS
།		PUNCT
ལུས་	ལུས་	NOUN
ཀྱི་	གི་	PART
སྒོ་	སྒོ་	NOUN
ན་	ནས་	PART
སྲོག་	སྲོག་	NOUN
བཅད་པ་	བཅད་པ་	VERB
།		PUNCT
མ་	མ་	PART
བྱིན་པ་	བྱིན་པ་	VERB
བླངས་པ་	བླངས་པ་	VERB
།		PUNCT
མི་	མི་	PART
ཚངས་	ཚངས་	VERB
སྤྱད་པ་	སྤྱད་པ་	VERB
གསུམ་	གསུམ་	NUM
།		PUNCT
ངག་	ངག་	NOUN
གི་	གི་	PART
སྒོ་	སྒོ་	NOUN
ན་	ནས་	PART
བླ་མ་	བླ་མ་	NOUN
དང་	དང་	NO_POS
ཕ་རོལ་པོ་	ཕ་རོལ་པོ་	NOUN
ལ་	ལ་	PART
གནོད་པ་	གནོད་པ་	VERB
ར་	ལ་	PART
འགྱུར་བ་	འགྱུར་བ་	VERB
འི་	གི་	PART
རྫུན་	རྫུན་	NOUN
རྔམ་པོ་	རྔམ་པོ་	VERB
ཆེ་	ཆེ་	VERB
སོགས་	སོགས་	DET
སྨྲས་པ་	སྨྲས་པ་	VERB
དང་	དང་	NO_POS
།		PUNCT
ཕན་ཚུན་	ཕན་ཚུན་	ADV
འབྱེད་པ་	འབྱེད་པ་	VERB
འི་	གི་	PART
ཕྲ་མ་	ཕྲ་མ་	NOUN
།		PUNCT
གཞན་	གཞན་	DET
གྱི་	གི་	PART
ཞེ་	ཞེ་	PART
ལ་	ལ་	PART
གནོད་པ་	གནོད་པ་	VERB
འི་	གི་	PART
ཚིག་རྩུབ་	ཚིག་རྩུབ་	NOUN
།		PUNCT
དོན་མེད་	དོན་མེད་	ADJ
ཀྱི་	གི་	PART
ངག་འཁྱལ་	ངག་འཁྱལ་	NO_POS
དང་	དང་	NO_POS
བཞི་	བཞི་	NUM
།		PUNCT
ཡིད་	ཡིད་	NOUN
ཀྱི་	གི་	PART
སྒོ་	སྒོ་	NOUN
ན་	ནས་	PART
གཞན་	གཞན་	DET
གྱི་	གི་	PART
དཔལ་འབྱོར་	དཔལ་འབྱོར་	OTHER
རང་	རང་	PRON
ལ་	ལ་	PART
བྱུང་	བྱུང་	VERB
ན་	ལ་	PART
སྙམ་པ་	སྙམ་པ་	VERB
འི་	གི་	PART
བརྣབས་	བརྣབས་	NO_POS
སེམས་	སེམས་	NOUN
།		PUNCT
ཕ་རོལ་པོ་	ཕ་རོལ་པོ་	NOUN
ལ་	ལ་	PART
གནོད་པ་	གནོད་པ་	VERB
ར་	ལ་	PART
འགྱུར་བ་	འགྱུར་བ་	VERB
འི་	གི་	PART
ཐབས་	ཐབས་	NOUN
ལ་	ལ་	PART
བསམ་པ་	བསམ་པ་	VERB
གནོད་སེམས་	གནོད་སེམས་	NOUN
།		PUNCT
ཐར་པ་	ཐར་པ་	VERB
འི་	གི་	PART
ཕན་ཡོན་	ཕན་ཡོན་	NOUN
དང་	དང་	NO_POS
སྡིག་པ་	སྡིག་པ་	VERB
འི་	གི་	PART
ཉེས་དམིགས་	ཉེས་དམིགས་	NOUN
མི་	མི་	PART
བདེན་	བདེན་	VERB
ཅིང་	ཅིང་	PART
མེད་པ་	མེད་པ་	VERB
ར་	ལ་	PART
ལྟ་བ་	ལྟ་བ་	VERB
ལོག་ལྟ་	ལོག་ལྟ་	NOUN
སྟེ་	སྟེ་	PART
གསུམ་	གསུམ་	NUM
བཅའ་	བཅའ་	VERB
།		PUNCT
མི་དགེ་བ་	མི་དགེ་བ་	NO_POS
བཅུ་ཆ་	བཅུ་ཆ་	OTHER
མཐུན་	མཐུན་	VERB
དང་	དང་	NO_POS
བཅས་པ་	བཅས་པ་	VERB
ནི་	ནི་	NO_POS
སྡིག་པ་	སྡིག་པ་	VERB
དང་	དང་	NO_POS
།		PUNCT
འདོད་ཆགས་	འདོད་ཆགས་	NOUN
།		PUNCT
གཏི་མུག་	གཏི་མུག་	NOUN
།		PUNCT
ང་རྒྱལ་	ང་རྒྱལ་	NOUN
།		PUNCT
ཕྲག་དོག་	ཕྲག་དོག་	NOUN
གི་	གི་	PART
སྒོ་	སྒོ་	NOUN
ན་	ནས་	PART
སྤང་བྱ་	སྤང་བྱ་	NOUN
ཁྲིམས་	ཁྲིམས་	NOUN
སུ་	ལ་	PART
བཅས་པ་	བཅས་པ་	VERB
དང་	དང་	NO_POS
།		PUNCT
མ་	མ་	PART
བཅའ་	བཅའ་	VERB
ཀྱང་	ཀྱང་	PART
ཉེས་པ་	ཉེས་པ་	VERB
འི་	གི་	PART
གྲལ་	གྲལ་	NOUN
དུ་ཡོད་པ་	དུ་ཡོད་པ་	NO_POS
།		PUNCT
རང་བཞིན་	རང་བཞིན་	NOUN
གྱི་	གི་	PART
ཁ་ན་མ་ཐོ་བ་	ཁ་ན་མ་ཐོ་བ་	NO_POS
མཐོ་རིས་	མཐོ་རིས་	NOUN
ཀྱི་	གི་	PART
བདེ་བ་	བདེ་བ་	VERB
དང་	དང་	NO_POS
།		PUNCT
ཐར་པ་	ཐར་པ་	VERB
འི་	གི་	PART
ལམ་	གམ་	PART
ལ་	ལ་	PART
སྒྲིབ་པ་	སྒྲིབ་པ་	VERB
ར་	ལ་	PART
གྱུར་པ་	གྱུར་པ་	VERB
འི་	གི་	PART
སྒྲིབ་པ་	སྒྲིབ་པ་	VERB
དང་	དང་	NO_POS
།		PUNCT
སོ་ཐར་	སོ་ཐར་	OTHER
།		PUNCT
བྱང་སེམས་	བྱང་སེམས་	NOUN
།		PUNCT
གསང་སྔགས་	གསང་སྔགས་	NOUN
ཀྱི་	གི་	PART
སྡོམ་པ་	སྡོམ་པ་	NOUN
བླངས་	བླངས་	VERB
ན་	ནས་	PART
མ་	མ་	PART
གུས་པ་	གུས་པ་	VERB
དང་	དང་	NO_POS
།		PUNCT
བག་མེད་པ་	བག་མེད་པ་	NOUN
འི་	གི་	PART
དབང་	དབང་	NOUN
དུ་	ལ་	PART
བཏང་	བཏང་	VERB
ན་	ནས་	PART
མ་	མ་	PART
བསྲུང་བ་	བསྲུང་བ་	VERB
འི་	གི་	PART
གནས་སྐབས་	གནས་སྐབས་	NOUN
ངན་འགྲོ་	ངན་འགྲོ་	NOUN
ར་	ལ་	PART
ལྟུང་བ་	ལྟུང་བ་	VERB
ར་	ལ་	PART
འགྱུར་བ་	འགྱུར་བ་	VERB
ས་	གིས་	PART
ན་	ལ་	PART
ལྟུང་བ་	ལྟུང་བ་	VERB
དང་	དང་	NO_POS
།		PUNCT
བསླབ་པ་	བསླབ་པ་	VERB
ཕྲ་མོ་	ཕྲ་མོ་	ADJ
འི་	གི་	PART
གནས་	གནས་	NOUN
དང་	དང་	NO_POS
འགལ་བ་	འགལ་བ་	VERB
ས་	གིས་	PART
ངན་འགྲོ་	ངན་འགྲོ་	NOUN
ར་	ལ་	PART
མི་ལྟུང་	མི་ལྟུང་	NO_POS
ཡང་	ཀྱང་	PART
བྱང་ཆུབ་	བྱང་ཆུབ་	NOUN
ཐོབ་པ་	ཐོབ་པ་	VERB
འི་	གི་	PART
དུས་	དུས་	NOUN
འགྱང་བ་	འགྱང་བ་	VERB
ར་	ལ་	PART
བྱེད་པ་	བྱེད་པ་	VERB
སོགས་	སོགས་	DET
ཉེས་པ་	ཉེས་པ་	VERB
འི་	གི་	PART
ཚོགས་	ཚོགས་	NOUN
ཏེ་	སྟེ་	PART
།		PUNCT
མ་	མ་	PART
དག་	དག་	DET
ཅིང་	ཅིང་	PART
ལས་ངན་པ་	ལས་ངན་པ་	NOUN
འི་	གི་	PART
སྡིག་སྒྲིབ་	སྡིག་སྒྲིབ་	NOUN
དང་	དང་	NO_POS
ཉོན་མོངས་པ་	ཉོན་མོངས་པ་	NOUN
ས་	གིས་	PART
བསྐྱེད་པ་	བསྐྱེད་པ་	VERB
འི་	གི་	PART
ཉེས་ལྟུང་	ཉེས་ལྟུང་	NOUN
ཅི་	ཅི་	NO_POS
མཆིས་པ་	མཆིས་པ་	VERB
སྐད་ཅིག་	སྐད་ཅིག་	OTHER
དེ་ཉིད་	དེ་ཉིད་	NOUN
ལ་	ལ་	PART
དག་	དག་	DET
།		PUNCT
ཐོག་མེད་	ཐོག་མེད་	PROPN
ན་	ནས་	PART
བདག་གཞན་	བདག་གཞན་	NOUN
གཉིས་	གཉིས་	NUM
སྣང་	སྣང་	VERB
གི་	གི་	PART
གཟུང་འཛིན་	གཟུང་འཛིན་	NOUN
འཁྲུལ་པ་	འཁྲུལ་པ་	NO_POS
འི་	གི་	PART
བག་ཆགས་	བག་ཆགས་	NOUN
ཤེས་བྱ་	ཤེས་བྱ་	VERB
འི་	གི་	PART
སྒྲིབ་པ་	སྒྲིབ་པ་	VERB
དང་	དང་	NO_POS
བཅས་པ་	བཅས་པ་	VERB
སྦྱངས་	སྦྱངས་	VERB
ན་	ནས་	PART
།		PUNCT
འཕགས་པ་	འཕགས་པ་	VERB
སྤྱན་རས་	སྤྱན་རས་	NO_POS
གཟིགས་	གཟིགས་	VERB
ཀྱི་	གི་	PART
སྐུ་གསུང་ཐུགས་	སྐུ་གསུང་ཐུགས་	NOUN
དང་	དང་	NO_POS
དབྱེ་	དབྱེ་	VERB
ར་	ལ་	PART
མེད་	མེད་	VERB
རོལ་པ་	རོལ་པ་	VERB
ར་	ལ་	PART
བྱིན་	བྱིན་	VERB
གྱིས་	གིས་	PART
བརླབས་	བརླབས་	NO_POS
ན་	ནས་	PART
འཕགས་པ་	འཕགས་པ་	VERB
འི་	གི་	PART
སྐུ་	སྐུ་	NOUN
སྣང་སྟོང་	སྣང་སྟོང་	NO_POS
འཇའ་ཚོན་	འཇའ་ཚོན་	NOUN
ལྟ་བུ་	ལྟ་བུ་	NOUN
ར་	ལ་	PART
ལམ་	གམ་	PART
སྟེ་	སྟེ་	PART
གྱུར་	གྱུར་	VERB
༑		PUNCT
ནམ་མཁའ་	ནམ་མཁའ་	NOUN
དང་	དང་	NO_POS
མཉམ་པ་	མཉམ་པ་	VERB
འི་	གི་	PART
འགྲོ་བ་	འགྲོ་བ་	VERB
རིགས་	རིགས་	NOUN
དྲུག་	དྲུག་	NUM
གི་	གི་	PART
གནས་	གནས་	NOUN
ཐམས་ཅད་	ཐམས་ཅད་	DET
ལ་	ལ་	PART
ཁྱབ་པ་	ཁྱབ་པ་	VERB
ས་	གིས་	PART
།		PUNCT
སྣང་བ་	སྣང་བ་	VERB
འི་	གི་	PART
ཡུལ་	ཡུལ་	NOUN
ཕྱི་	ཕྱི་	NOUN
སྣོད་	སྣོད་	NOUN
ཀྱི་	གི་	PART
འཇིག་རྟེན་	འཇིག་རྟེན་	NOUN
ཐམས་ཅད་	ཐམས་ཅད་	DET
འོག་མིན་	འོག་མིན་	PROPN
བདེ་བ་	བདེ་བ་	VERB
ཅན་	ཅན་	PART
གྱི་	གི་	PART
ཞིང་ཁམས་	ཞིང་ཁམས་	NOUN
ས་རྡོ་	ས་རྡོ་	NOUN
རི་བྲག་	རི་བྲག་	NOUN
གི་	གི་	PART
མིང་མེད་པ་	མིང་མེད་པ་	NO_POS
།		PUNCT
རིན་པོ་ཆེ་	རིན་པོ་ཆེ་	ADJ
དང་	དང་	NO_POS
།		PUNCT
འཇའ་འོད་	འཇའ་འོད་	NOUN
ཟེ་	ཟེ་	VERB
ཐིག་	ཐིག་	NOUN
གི་	གི་	PART
རང་བཞིན་	རང་བཞིན་	NOUN
།		PUNCT
ནང་	ནང་	NOUN
བཅུད་	བཅུད་	NOUN
འགྲོ་	འགྲོ་	VERB
དྲུག་	དྲུག་	NUM
གི་	གི་	PART
སེམས་ཅན་	སེམས་ཅན་	NOUN
ཐམས་ཅད་	ཐམས་ཅད་	DET
རང་རང་	རང་རང་	NO_POS
གི་	གི་	PART
སྡུག་བསྔལ་	སྡུག་བསྔལ་	NOUN
ལ་	ལ་	ADP
ས་	གིས་	PART
གྲོལ་	གྲོལ་	VERB
ཏེ་	སྟེ་	PART
།		PUNCT
ལུས་འཕགས་པ་	ལུས་འཕགས་པ་	PROPN
ཐུགས་རྗེ་	ཐུགས་རྗེ་	NOUN
ཆེན་པོ་	ཆེན་པོ་	ADJ
འི་	གི་	PART
སྐུ་	སྐུ་	NOUN
ལམ་	གམ་	PART
གྱིས་	གིས་	PART
གྱུར་	གྱུར་	VERB
།		PUNCT
སྐྱེ་འགྲོ་	སྐྱེ་འགྲོ་	NOUN
འི་	གི་	PART
ངག་	ངག་	NOUN
དང་	དང་	NO_POS
འབྱུང་བ་	འབྱུང་བ་	VERB
འི་	གི་	PART
སྒྲ་	སྒྲ་	NOUN
གྲགས་པ་	གྲགས་པ་	VERB
ཐམས་ཅད་	ཐམས་ཅད་	DET
གསང་སྔགས་	གསང་སྔགས་	NOUN
ཡི་གེ་	ཡི་གེ་	NOUN
དྲུག་	དྲུག་	NUM
མ་	མ་	PART
འི་	གི་	PART
རང་	རང་	PRON
སྒྲ་	སྒྲ་	NOUN
འུ་རུ་རུ་	འུ་རུ་རུ་	NO_POS
།		PUNCT
དྲན་རྟོག་	དྲན་རྟོག་	NO_POS
སེམས་	སེམས་	NOUN
ཀྱི་	གི་	PART
འཁྲུལ་	འཁྲུལ་	NO_POS
ཆ་	ཆ་	NOUN
དག་	དག་	DET
ན་	ནས་	PART
འཕགས་པ་	འཕགས་པ་	VERB
འི་	གི་	PART
ཐུགས་རིག་	ཐུགས་རིག་	NO_POS
སྟོང་	སྟོང་	NUM
དབྱེ་	དབྱེ་	VERB
ར་	ལ་	PART
མེད་	མེད་	VERB
ཀྱི་	གི་	PART
དགོངས་པ་	དགོངས་པ་	VERB
མངོན་དུ་	མངོན་དུ་	NO_POS
གྱུར་པ་	གྱུར་པ་	VERB
ར་	ལ་	PART
བསམ་	བསམ་	NOUN
།		PUNCT
དེ་ལྟ་	དེ་ལྟ་	NO_POS
སྐུ་	སྐུ་	NOUN
དང་	དང་	NO_POS
ཞིང་ཁམས་	ཞིང་ཁམས་	NOUN
སུ་	ལ་	PART
ཤར་བ་	ཤར་བ་	VERB
དག་པ་	དག་པ་	VERB
འི་	གི་	PART
སྣང་	སྣང་	VERB
ཆ་	ཆ་	NOUN
།		PUNCT
གསུང་	གསུང་	VERB
སྔགས་	སྔགས་	NOUN
ཀྱི་	གི་	PART
སྒྲ་	སྒྲ་	NOUN
།		PUNCT
ཐུགས་རིག་	ཐུགས་རིག་	NO_POS
སྟོང་	སྟོང་	NUM
རྗེན་པ་	རྗེན་པ་	NO_POS
རྣམས་	རྣམས་	DET
ཀྱང་	ཀྱང་	PART
བདག་གཞན་	བདག་གཞན་	NOUN
ལུས་ངག་	ལུས་ངག་	NOUN
ཡིད་	ཡིད་	NOUN
ཀྱི་	གི་	PART
སྣང་བ་	སྣང་བ་	VERB
རྣམས་	རྣམས་	DET
གཉིས་	གཉིས་	NUM
སུ་	ལ་	PART
མེད་	མེད་	VERB
ཅིང་	ཅིང་	PART
།		PUNCT
འཛིན་པ་	འཛིན་པ་	VERB
དང་	དང་	NO_POS
བྲལ་བ་	བྲལ་བ་	VERB
འི་	གི་	PART
བློ་འདས་	བློ་འདས་	NO_POS
ཁྱབ་གདལ་	ཁྱབ་གདལ་	OTHER
ཆེན་པོ་	ཆེན་པོ་	ADJ
ལ་	ལ་	PART
འཇོག་	འཇོག་	VERB
བཞིན་	བཞིན་	NOUN
དུ་	ལ་	PART
།		PUNCT
དེ་ལྟ་	དེ་ལྟ་	NO_POS
རྩེ་གཅིག་	རྩེ་གཅིག་	ADJ
གསོལ་	གསོལ་	VERB
བཏབ་པ་	བཏབ་པ་	VERB
ས་	གིས་	PART
། །		PUNCT
འཕགས་པ་	འཕགས་པ་	VERB
འི་	གི་	PART
སྐུ་	སྐུ་	NOUN
ལ་	ལ་	ADP
ས་	གིས་	PART
འོད་ཟེར་	འོད་ཟེར་	NOUN
འཕྲོ་	འཕྲོ་	NOUN
ས་	གིས་	PART
། །		PUNCT
མ་	མ་	PART
དག་	དག་	DET
ལས་སྣང་	ལས་སྣང་	NO_POS
འཁྲུལ་ཤེས་	འཁྲུལ་ཤེས་	NO_POS
སྦྱངས་	སྦྱངས་	VERB
། །		PUNCT
ཕྱི་	ཕྱི་	NOUN
སྣོད་	སྣོད་	NOUN
བདེ་བ་	བདེ་བ་	VERB
ཅན་	ཅན་	PART
གྱི་	གི་	PART
ཞིང་	ཅིང་	PART
། །		PUNCT
ནང་	ནང་	NOUN
བཅུད་	བཅུད་	NOUN
སྐྱེ་འགྲོ་	སྐྱེ་འགྲོ་	NOUN
འི་	གི་	PART
ལུས་ངག་	ལུས་ངག་	NOUN
སེམས་	སེམས་	NOUN
། །		PUNCT
སྤྱན་རས་	སྤྱན་རས་	NO_POS
གཟིགས་	གཟིགས་	VERB
དབང་	དབང་	NOUN
སྐུ་གསུང་ཐུགས་	སྐུ་གསུང་ཐུགས་	NOUN
། །		PUNCT
སྣང་གྲག་	སྣང་གྲག་	PROPN
རིག་	རིག་	VERB
སྟོང་	སྟོང་	NUM
དབྱེ་	དབྱེ་	VERB
ར་	ལ་	PART
མེད་	མེད་	VERB
གྱུར་	གྱུར་	VERB
། །		PUNCT
ཅེས་	ཅེས་	PART
བརྗོད་	བརྗོད་	VERB
ཅིང་	ཅིང་	PART
གོང་	གོང་	NOUN
དུ་	ལ་	PART
བཤད་པ་	བཤད་པ་	VERB
འི་	གི་	PART
དམིགས་པ་	དམིགས་པ་	VERB
རྣམས་	རྣམས་	DET
གསལ་བཏབ་	གསལ་བཏབ་	NO_POS
ན་	ནས་	PART
།		PUNCT
ཞེ་	ཅེས་	PART
བཟླས་བརྗོད་	བཟླས་བརྗོད་	OTHER
ཐུན་	ཐུན་	NOUN
གྱི་	གི་	PART
དངོས་གཞི་	དངོས་གཞི་	NOUN
ར་	ལ་	PART
བྱ་	བྱ་	VERB
།		PUNCT
གསང་སྔགས་	གསང་སྔགས་	NOUN
ཡི་གེ་	ཡི་གེ་	NOUN
དྲུག་པ་	དྲུག་པ་	NUM
འདི་	འདི་	DET
ནི་	ནི་	NO_POS
།		PUNCT
སངས་རྒྱས་	སངས་རྒྱས་	NOUN
ཀུན་	ཀུན་	DET
གྱི་	གི་	PART
ཡེ་ཤེས་	ཡེ་ཤེས་	NOUN
ཀྱི་	གི་	PART
མཐུ་	མཐུ་	NOUN
གཅིག་	གཅིག་	NUM
ཏུ་	ལ་	PART
བསྡུས་པ་	བསྡུས་པ་	VERB
འཕགས་པ་	འཕགས་པ་	VERB
སྤྱན་རས་	སྤྱན་རས་	NO_POS
གཟིགས་	གཟིགས་	VERB
།		PUNCT
དེ་	དེ་	DET
འི་	གི་	PART
ཐུགས་རྗེ་	ཐུགས་རྗེ་	NOUN
དང་	དང་	NO_POS
ཕྲིན་ལས་	ཕྲིན་ལས་	NOUN
ཐམས་ཅད་	ཐམས་ཅད་	DET
ཀྱི་	གི་	PART
ནུས་སྟོབས་	ནུས་སྟོབས་	NO_POS
གཅིག་	གཅིག་	NUM
ཏུ་	ལ་	PART
བསྡུ་	བསྡུ་	VERB
ཤིང་	ཅིང་	PART
ཕྱུངས་པ་	ཕྱུངས་པ་	NON_WORD
གསང་སྔགས་	གསང་སྔགས་	NOUN
ཡི་གེ་	ཡི་གེ་	NOUN
དྲུག་	དྲུག་	NUM
མ་	མ་	PART
འདི་ཉིད་	འདི་ཉིད་	OTHER
དེ་	སྟེ་	PART
།		PUNCT
ཨོཾ་	ཨོཾ་	X
དཀར་པོ་	དཀར་པོ་	ADJ
ནི་	ནི་	NO_POS
།		PUNCT
འཕགས་པ་	འཕགས་པ་	VERB
འི་	གི་	PART
ཡེ་ཤེས་	ཡེ་ཤེས་	NOUN
ལྔ་	ལྔ་	NUM
འི་	གི་	PART
རང་	རང་	PRON
རྩལ་	རྩལ་	NOUN
ལ་	ལ་	ADP
ས་	གིས་	PART
ཤར་བ་	ཤར་བ་	VERB
ཡོན་ཏན་	ཡོན་ཏན་	NOUN
འདུས་པ་	འདུས་པ་	VERB
འི་	གི་	PART
ཡི་གེ་	ཡི་གེ་	NOUN
།		PUNCT
བསམ་གཏན་	བསམ་གཏན་	NOUN
གྱི་	གི་	PART
ཕ་རོལ་	ཕ་རོལ་	NOUN
ཏུ་	ལ་	PART
ཕྱིན་པ་	ཕྱིན་པ་	VERB
འི་	གི་	PART
རང་བཞིན་	རང་བཞིན་	NOUN
།		PUNCT
རྒྱུ་	རྒྱུ་	NOUN
ཉོན་མོངས་པ་	ཉོན་མོངས་པ་	NOUN
ང་རྒྱལ་	ང་རྒྱལ་	NOUN
དང་	དང་	NO_POS
།		PUNCT
དེ་	དེ་	DET
ས་	གིས་	PART
བསྐྱེད་པ་	བསྐྱེད་པ་	VERB
འི་	གི་	PART
འབྲས་བུ་	འབྲས་བུ་	NOUN
སྤྱི་	སྤྱི་	DET
དང་	དང་	NO_POS
།		PUNCT
ཁྱད་པར་	ཁྱད་པར་	NOUN
ལྷ་	ལྷ་	NOUN
འཕོ་	འཕོ་	VERB
ལྟུང་	ལྟུང་	VERB
གི་	གི་	PART
སྡུག་བསྔལ་	སྡུག་བསྔལ་	NOUN
སྦྱོང་བ་	སྦྱོང་བ་	VERB
ར་	ལ་	PART
བྱེད་པ་	བྱེད་པ་	VERB
།		PUNCT
ལྷ་	ལྷ་	NOUN
འི་	གི་	PART
ཐུབ་པ་	ཐུབ་པ་	VERB
དབང་པོ་	དབང་པོ་	NOUN
བརྒྱ་བྱིན་	བརྒྱ་བྱིན་	PROPN
གྱི་	གི་	PART
སྐུ་	སྐུ་	NOUN
དང་	དང་	NO_POS
ཕྲིན་ལས་	ཕྲིན་ལས་	NOUN
གཉིས་	གཉིས་	NUM
སུ་	ལ་	PART
མེད་པ་	མེད་པ་	VERB
།		PUNCT
མཉམ་པ་ཉིད་	མཉམ་པ་ཉིད་	NOUN
ཀྱི་	གི་	PART
ཡེ་ཤེས་	ཡེ་ཤེས་	NOUN
ཀྱི་	གི་	PART
རང་	རང་	PRON
མདངས་	མདངས་	NOUN
གཟུགས་	གཟུགས་	NOUN
སུ་	ལ་	PART
ཤར་བ་	ཤར་བ་	VERB
།		PUNCT
འགྲོ་	འགྲོ་	VERB
དྲུག་	དྲུག་	NUM
ལྷོ་	ལྷོ་	NOUN
དཔལ་	དཔལ་	OTHER
དང་	དང་	NO_POS
ལྡན་པ་	ལྡན་པ་	VERB
འི་	གི་	PART
ཞིང་	ཅིང་	PART
དུ་	ལ་	PART
འདྲེན་	འདྲེན་	NO_POS
ཅིང་	ཅིང་	PART
།		PUNCT
སངས་རྒྱས་	སངས་རྒྱས་	NOUN
རིན་ཆེན་	རིན་ཆེན་	OTHER
འབྱུང་	འབྱུང་	VERB
ལྡན་	ལྡན་	VERB
གྱི་	གི་	PART
སྐུ་	སྐུ་	NOUN
ཐོབ་པ་	ཐོབ་པ་	VERB
ར་	ལ་	PART
བྱེད་པ་	བྱེད་པ་	VERB
འོ་	གོ་	PART
།		PUNCT
མ་	མ་	PART
ལྗང་གུ་	ལྗང་གུ་	NO_POS
ནི་	ནི་	NO_POS
།		PUNCT
འཕགས་པ་	འཕགས་པ་	VERB
འི་	གི་	PART
ཐུགས་རྗེ་	ཐུགས་རྗེ་	NOUN
ས་	གིས་	PART
འགྲོ་བ་	འགྲོ་བ་	VERB
ཀུན་	ཀུན་	DET
ལ་	ལ་	PART
།		PUNCT
བྱམས་པ་	བྱམས་པ་	PROPN
ཚད་	ཚད་	NOUN
མེད་པ་	མེད་པ་	VERB
འི་	གི་	PART
རྩལ་	རྩལ་	NOUN
ལ་	ལ་	ADP
ས་	གིས་	PART
ཤར་བ་	ཤར་བ་	VERB
ཕྲིན་ལས་	ཕྲིན་ལས་	NOUN
ཀྱི་	གི་	PART
ཡི་གེ་	ཡི་གེ་	NOUN
།		PUNCT
བཟོད་པ་	བཟོད་པ་	VERB
འི་	གི་	PART
ཕ་རོལ་	ཕ་རོལ་	NOUN
ཏུ་	ལ་	PART
ཕྱིན་པ་	ཕྱིན་པ་	VERB
འི་	གི་	PART
རང་བཞིན་	རང་བཞིན་	NOUN
།		PUNCT
རྒྱུ་	རྒྱུ་	NOUN
ཉོན་མོངས་པ་	ཉོན་མོངས་པ་	NOUN
ཕྲག་དོག་	ཕྲག་དོག་	NOUN
དང་	དང་	NO_POS
།		PUNCT
དེ་	དེ་	DET
ས་	གིས་	PART
བསྐྱེད་པ་	བསྐྱེད་པ་	VERB
འི་	གི་	PART
འབྲས་བུ་	འབྲས་བུ་	NOUN
སྤྱི་	སྤྱི་	DET
དང་	དང་	NO_POS
།		PUNCT
ཁྱད་པར་	ཁྱད་པར་	NOUN
ལྷ་མིན་	ལྷ་མིན་	NOUN
འཐབ་རྩོད་	འཐབ་རྩོད་	NOUN
ཀྱི་	གི་	PART
སྡུག་བསྔལ་	སྡུག་བསྔལ་	NOUN
སྦྱོང་བ་	སྦྱོང་བ་	VERB
ར་	ལ་	PART
བྱེད་པ་	བྱེད་པ་	VERB
།		PUNCT
ལྷ་མིན་	ལྷ་མིན་	NOUN
གྱི་	གི་	PART
ཐུབ་པ་	ཐུབ་པ་	VERB
ཐག་	ཐག་	VERB
བཟང་	བཟང་	VERB
རི་	རི་	NOUN
ཀྱི་	གི་	PART
སྐུ་	སྐུ་	NOUN
དང་	དང་	NO_POS
ཕྲིན་ལས་	ཕྲིན་ལས་	NOUN
གཉིས་	གཉིས་	NUM
སུ་	ལ་	PART
མེད་པ་	མེད་པ་	VERB
།		PUNCT
བྱ་བ་	བྱ་བ་	VERB
གྲུབ་པ་	གྲུབ་པ་	VERB
འི་	གི་	PART
ཡེ་ཤེས་	ཡེ་ཤེས་	NOUN
ཀྱི་	གི་	PART
རང་	རང་	PRON
མདངས་	མདངས་	NOUN
གཟུགས་	གཟུགས་	NOUN
སུ་	ལ་	PART
ཤར་བ་	ཤར་བ་	VERB
།		PUNCT
འགྲོ་	འགྲོ་	VERB
དྲུག་	དྲུག་	NUM
བྱང་	བྱང་	NOUN
ལ་	ལ་	ADP
ས་	གིས་	PART
རབ་	རབ་	ADV
རྫོགས་པ་	རྫོགས་པ་	VERB
འི་	གི་	PART
ཞིང་	ཅིང་	PART
དུ་	ལ་	PART
འདྲེན་	འདྲེན་	NO_POS
ཅིང་	ཅིང་	PART
།		PUNCT
སངས་རྒྱས་	སངས་རྒྱས་	NOUN
དོན་ཡོད་	དོན་ཡོད་	ADJ
གྲུབ་པ་	གྲུབ་པ་	VERB
འི་	གི་	PART
སྐུ་	སྐུ་	NOUN
ཐོབ་པ་	ཐོབ་པ་	VERB
ར་	ལ་	PART
བྱེད་པ་	བྱེད་པ་	VERB
འོ་	གོ་	PART
།		PUNCT
ཎི་		NON_WORD
སེར་པོ་	སེར་པོ་	ADJ
ནི་	ནི་	NO_POS
།		PUNCT
འཕགས་པ་	འཕགས་པ་	VERB
འི་	གི་	PART
ཐུགས་རྗེ་	ཐུགས་རྗེ་	NOUN
རྩོལ་	རྩོལ་	NO_POS
མེད་	མེད་	VERB
ཀུན་ཁྱབ་	ཀུན་ཁྱབ་	OTHER
ཆེན་པོ་	ཆེན་པོ་	ADJ
འི་	གི་	PART
རྩལ་	རྩལ་	NOUN
ལ་	ལ་	ADP
ས་	གིས་	PART
ཤར་བ་	ཤར་བ་	VERB
།		PUNCT
སྐུ་གསུང་ཐུགས་	སྐུ་གསུང་ཐུགས་	NOUN
ཕྲིན་ལས་	ཕྲིན་ལས་	NOUN
ཀུན་	ཀུན་	DET
འདུ་	འདུ་	VERB
ཡེ་ཤེས་	ཡེ་ཤེས་	NOUN
རྡོ་རྗེ་	རྡོ་རྗེ་	NOUN
།		PUNCT
འཁོར་བ་	འཁོར་བ་	NOUN
མྱང་འདས་	མྱང་འདས་	NOUN
ཀྱི་	གི་	PART
དབྱིངས་	དབྱིངས་	NOUN
སུ་	ལ་	PART
རང་ས་	རང་ས་	OTHER
ར་	ལ་	PART
བཟློག་པ་	བཟློག་པ་	VERB
འི་	གི་	PART
ཡི་གེ་	ཡི་གེ་	NOUN
།		PUNCT
ཚུལ་ཁྲིམས་	ཚུལ་ཁྲིམས་	NOUN
ཀྱི་	གི་	PART
ཕ་རོལ་	ཕ་རོལ་	NOUN
ཏུ་	ལ་	PART
ཕྱིན་པ་	ཕྱིན་པ་	VERB
འི་	གི་	PART
རང་བཞིན་	རང་བཞིན་	NOUN
།		PUNCT
རྒྱུ་གཉིས་	རྒྱུ་གཉིས་	NO_POS
འཛིན་མ་	འཛིན་མ་	NOUN
རིག་པ་	རིག་པ་	VERB
འི་	གི་	PART
དྲི་མ་	དྲི་མ་	NOUN
དང་	དང་	NO_POS
།		PUNCT
དེ་	དེ་	DET
ས་	གིས་	PART
བསྐྱེད་པ་	བསྐྱེད་པ་	VERB
འི་	གི་	PART
འབྲས་བུ་	འབྲས་བུ་	NOUN
སྤྱི་	སྤྱི་	DET
དང་	དང་	NO_POS
༑		PUNCT
ཁྱད་པར་	ཁྱད་པར་	NOUN
མི་	མི་	PART
སྐྱེ་	སྐྱེ་	NOUN
རྒ་	རྒ་	NO_POS
ན་	ལ་	PART
འཆི་	འཆི་	VERB
འི་	གི་	PART
སྡུག་བསྔལ་	སྡུག་བསྔལ་	NOUN
གྱི་	གི་	PART
ཆུ་བོ་	ཆུ་བོ་	NOUN
ཆེན་པོ་	ཆེན་པོ་	ADJ
བཞི་	བཞི་	NUM
སྦྱོང་བ་	སྦྱོང་བ་	VERB
ར་	ལ་	PART
བྱེད་པ་	བྱེད་པ་	VERB
།		PUNCT
མི་	མི་	PART
འི་	གི་	PART
ཐུབ་པ་	ཐུབ་པ་	VERB
ཤཱཀྱ་	ཤཱཀྱ་	PROPN
ཐུབ་པ་	ཐུབ་པ་	VERB
འི་	གི་	PART
སྐུ་	སྐུ་	NOUN
དང་	དང་	NO_POS
ཕྲིན་ལས་	ཕྲིན་ལས་	NOUN
གཉིས་	གཉིས་	NUM
སུ་	ལ་	PART
མེད་པ་	མེད་པ་	VERB
།		PUNCT
རང་བྱུང་	རང་བྱུང་	NOUN
ཡེ་ཤེས་	ཡེ་ཤེས་	NOUN
ཀྱི་	གི་	PART
རང་	རང་	PRON
མདངས་	མདངས་	NOUN
གཟུགས་	གཟུགས་	NOUN
སུ་	ལ་	PART
ཤར་བ་	ཤར་བ་	VERB
།		PUNCT
འགྲོ་	འགྲོ་	VERB
དྲུག་	དྲུག་	NUM
འོག་མིན་	འོག་མིན་	PROPN
ཆོ་	ཆོ་	NOUN
ཀྱི་	གི་	PART
དབྱིངས་	དབྱིངས་	NOUN
རྣམ་པ་	རྣམ་པ་	NOUN
ར་	ལ་	PART
དག་པ་	དག་པ་	VERB
འི་	གི་	PART
ཞིང་	ཅིང་	PART
དུ་	ལ་	PART
འདྲེན་	འདྲེན་	NO_POS
ཅིང་	ཅིང་	PART
།		PUNCT
སངས་རྒྱས་	སངས་རྒྱས་	NOUN
དྲུག་པ་	དྲུག་པ་	NUM
རྡོ་རྗེ་	རྡོ་རྗེ་	NOUN
འཆང་	འཆང་	NO_POS
གི་	གི་	PART
སྐུ་	སྐུ་	NOUN
ཐོབ་པ་	ཐོབ་པ་	VERB
ར་	ལ་	PART
བྱེད་པ་	བྱེད་པ་	VERB
འོ་	གོ་	PART
༑ །		PUNCT
པད་	པད་	NO_POS
མཐིང་ག་	མཐིང་ག་	ADJ
ནི་	ནི་	NO_POS
།		PUNCT
འཕགས་པ་	འཕགས་པ་	VERB
འི་	གི་	PART
ཐུགས་རྗེ་	ཐུགས་རྗེ་	NOUN
ཕྱོགས་ལྷུང་	ཕྱོགས་ལྷུང་	NOUN
མེད་པ་	མེད་པ་	VERB
བཏང་སྙོམས་	བཏང་སྙོམས་	NOUN
ཚད་	ཚད་	NOUN
མེད་པ་	མེད་པ་	VERB
འི་	གི་	PART
རང་	རང་	PRON
རྩལ་	རྩལ་	NOUN
ལ་	ལ་	ADP
ས་	གིས་	PART
ཤར་བ་	ཤར་བ་	VERB
སྐུ་	སྐུ་	NOUN
འི་	གི་	PART
ཡི་གེ་	ཡི་གེ་	NOUN
།		PUNCT
ཤེས་རབ་	ཤེས་རབ་	NOUN
ཀྱི་	གི་	PART
ཕ་རོལ་	ཕ་རོལ་	NOUN
ཏུ་	ལ་	PART
ཕྱིན་པ་	ཕྱིན་པ་	VERB
འི་	གི་	PART
རང་བཞིན་	རང་བཞིན་	NOUN
།		PUNCT
རྒྱུ་	རྒྱུ་	NOUN
ཉོན་མོངས་པ་	ཉོན་མོངས་པ་	NOUN
གཏི་མུག་	གཏི་མུག་	NOUN
དང་	དང་	NO_POS
།		PUNCT
དེ་	དེ་	DET
ས་	གིས་	PART
བསྐྱེད་པ་	བསྐྱེད་པ་	VERB
འི་	གི་	PART
འབྲས་བུ་	འབྲས་བུ་	NOUN
སྤྱི་	སྤྱི་	DET
དང་	དང་	NO_POS
།		PUNCT
ཁྱད་པར་	ཁྱད་པར་	NOUN
དུད་འགྲོ་	དུད་འགྲོ་	NOUN
གླེན་	གླེན་	VERB
ལྐུག་	ལྐུག་	NO_POS
བཀོལ་སྤྱོད་	བཀོལ་སྤྱོད་	OTHER
ཀྱི་	གི་	PART
སྡུག་བསྔལ་	སྡུག་བསྔལ་	NOUN
སྦྱོང་བ་	སྦྱོང་བ་	VERB
ར་	ལ་	PART
བྱེད་པ་	བྱེད་པ་	VERB
།		PUNCT
བྱོལ་སོང་	བྱོལ་སོང་	NOUN
གི་	གི་	PART
ཐུབ་པ་	ཐུབ་པ་	VERB
སེང་གེ་	སེང་གེ་	NOUN
རབ་	རབ་	ADV
བརྟན་	བརྟན་	VERB
གྱི་	གི་	PART
སྐུ་	སྐུ་	NOUN
དང་	དང་	NO_POS
ཕྲིན་ལས་	ཕྲིན་ལས་	NOUN
གཉིས་	གཉིས་	NUM
སུ་	ལ་	PART
མེད་པ་	མེད་པ་	VERB
།		PUNCT
ཆོས་དབྱིངས་	ཆོས་དབྱིངས་	NOUN
ཡེ་ཤེས་	ཡེ་ཤེས་	NOUN
ཀྱི་	གི་	PART
རང་	རང་	PRON
མདངས་	མདངས་	NOUN
གཟུགས་	གཟུགས་	NOUN
སུ་	ལ་	PART
ཤར་བ་	ཤར་བ་	VERB
།		PUNCT
འགྲོ་	འགྲོ་	VERB
དྲུག་	དྲུག་	NUM
དབུ་	དབུ་	NOUN
ཕྱོགས་	ཕྱོགས་	NOUN
སྟུག་པོ་	སྟུག་པོ་	ADJ
བཀོད་པ་	བཀོད་པ་	VERB
འི་	གི་	PART
ཞིང་	ཅིང་	PART
དུ་	ལ་	PART
འདྲེན་	འདྲེན་	NO_POS
ཅིང་	ཅིང་	PART
།		PUNCT
སངས་རྒྱས་	སངས་རྒྱས་	NOUN
རྣམ་པ་	རྣམ་པ་	NOUN
ར་	ལ་	PART
སྣང་	སྣང་	VERB
མཛད་	མཛད་	VERB
ཀྱི་	གི་	PART
སྐུ་	སྐུ་	NOUN
ཐོབ་པ་	ཐོབ་པ་	VERB
ར་	ལ་	PART
བྱེད་པ་	བྱེད་པ་	VERB
འོ་	གོ་	PART
།		PUNCT
མེ་	མེ་	NOUN
དམར་པོ་	དམར་པོ་	ADJ
ནི་	ནི་	NO_POS
།		PUNCT
འཕགས་པ་	འཕགས་པ་	VERB
འི་	གི་	PART
ཐུགས་རྗེ་	ཐུགས་རྗེ་	NOUN
ཀུན་	ཀུན་	DET
ལ་	ལ་	PART
སྙོམས་པ་	སྙོམས་པ་	VERB
དགའ་བ་	དགའ་བ་	VERB
ཚད་	ཚད་	NOUN
མེད་	མེད་	VERB
ཀྱི་	གི་	PART
རང་	རང་	PRON
རྩལ་	རྩལ་	NOUN
ལ་	ལ་	ADP
ས་	གིས་	PART
ཤར་བ་	ཤར་བ་	VERB
གསུང་	གསུང་	VERB
གི་	གི་	PART
ཡི་གེ་	ཡི་གེ་	NOUN
།		PUNCT
སྦྱིན་པ་	སྦྱིན་པ་	VERB
འི་	གི་	PART
ཕ་རོལ་	ཕ་རོལ་	NOUN
ཏུ་	ལ་	PART
ཕྱིན་པ་	ཕྱིན་པ་	VERB
འི་	གི་	PART
རང་བཞིན་	རང་བཞིན་	NOUN
།		PUNCT
རྒྱུ་	རྒྱུ་	NOUN
འདོད་ཆགས་	འདོད་ཆགས་	NOUN
སེར་སྣ་	སེར་སྣ་	NOUN
དང་	དང་	NO_POS
།		PUNCT
དེ་	དེ་	DET
ས་	གིས་	PART
བསྐྱེད་པ་	བསྐྱེད་པ་	VERB
འི་	གི་	PART
འབྲས་བུ་	འབྲས་བུ་	NOUN
སྤྱི་	སྤྱི་	DET
དང་	དང་	NO_POS
།		PUNCT
ཁྱད་པར་	ཁྱད་པར་	NOUN
བཀྲེས་སྐོམ་	བཀྲེས་སྐོམ་	NOUN
ཡི་དྭགས་	ཡི་དྭགས་	NOUN
ཀྱི་	གི་	PART
སྡུག་བསྔལ་	སྡུག་བསྔལ་	NOUN
སྦྱོང་བ་	སྦྱོང་བ་	VERB
ར་	ལ་	PART
བྱེད་པ་	བྱེད་པ་	VERB
།		PUNCT
ཡི་དྭགས་	ཡི་དྭགས་	NOUN
ཀྱི་	གི་	PART
ཐུབ་པ་	ཐུབ་པ་	VERB
ཁ་	ཁ་	PRON
ལ་	ལ་	PART
མེ་	མེ་	NOUN
འབའ་	འབའ་	VERB
གྱི་	གི་	PART
སྐུ་	སྐུ་	NOUN
དང་	དང་	NO_POS
ཕྲིན་ལས་	ཕྲིན་ལས་	NOUN
གཉིས་	གཉིས་	NUM
སུ་	ལ་	PART
མེད་པ་	མེད་པ་	VERB
།		PUNCT
སོ་	སོ་	PART
ར་	ལ་	PART
རྟོགས་	རྟོགས་	VERB
ཡེ་ཤེས་	ཡེ་ཤེས་	NOUN
ཀྱི་	གི་	PART
རང་	རང་	PRON
མདངས་	མདངས་	NOUN
གཟུགས་	གཟུགས་	NOUN
སུ་	ལ་	PART
ཤར་བ་	ཤར་བ་	VERB
།		PUNCT
འགྲོ་	འགྲོ་	VERB
དྲུག་	དྲུག་	NUM
ནུབ་ཕྱོགས་	ནུབ་ཕྱོགས་	NOUN
བདེ་བ་	བདེ་བ་	VERB
ཅན་	ཅན་	PART
གྱི་	གི་	PART
ཞིང་	ཅིང་	PART
དུ་	ལ་	PART
འདྲེན་	འདྲེན་	NO_POS
ཅིང་	ཅིང་	PART
།		PUNCT
སངས་རྒྱས་	སངས་རྒྱས་	NOUN
སྣང་བ་	སྣང་བ་	VERB
མཐའ་	མཐའ་	NOUN
ཡ་		
ཀྱི་	གི་	PART
སྐུ་	སྐུ་	NOUN
ཐོབ་པ་	ཐོབ་པ་	VERB
ར་	ལ་	PART
བྱེད་པ་	བྱེད་པ་	VERB
འོ་	གོ་	PART
། །		PUNCT
ཧཱུྃ་		NON_WORD
ནག་པོ་	ནག་པོ་	ADJ
ནི་	ནི་	NO_POS
།		PUNCT
འཕགས་པ་	འཕགས་པ་	VERB
འི་	གི་	PART
ཐུགས་རྗེ་	ཐུགས་རྗེ་	NOUN
འགྲོ་བ་	འགྲོ་བ་	VERB
ཀུན་	ཀུན་	DET
ལ་	ལ་	PART
བུ་	བུ་	NOUN
ལྟ་	ལྟ་	OTHER
གཟིགས་པ་	གཟིགས་པ་	VERB
འི་	གི་	PART
སྙིང་རྗེ་	སྙིང་རྗེ་	NOUN
ཚད་	ཚད་	NOUN
མེད་	མེད་	VERB
ཀྱི་	གི་	PART
རང་	རང་	PRON
རྩལ་	རྩལ་	NOUN
ལ་	ལ་	ADP
ས་	གིས་	PART
ཤར་བ་	ཤར་བ་	VERB
ཐུགས་	ཐུགས་	NOUN
ཀྱི་	གི་	PART
ཡི་གེ་	ཡི་གེ་	NOUN
།		PUNCT
ཤེས་རབ་	ཤེས་རབ་	NOUN
ཀྱི་	གི་	PART
ཕ་རོལ་	ཕ་རོལ་	NOUN
ཏུ་	ལ་	PART
ཕྱིན་པ་	ཕྱིན་པ་	VERB
འི་	གི་	PART
རང་བཞིན་	རང་བཞིན་	NOUN
།		PUNCT
རྒྱུ་གཉིས་	རྒྱུ་གཉིས་	NO_POS
འཛིན་	འཛིན་	VERB
ཞེ་སྡང་	ཞེ་སྡང་	NOUN
གིས་	གིས་	PART
བསྐྱེད་པ་	བསྐྱེད་པ་	VERB
འི་	གི་	PART
འབྲས་བུ་	འབྲས་བུ་	NOUN
སྤྱི་	སྤྱི་	DET
དང་	དང་	NO_POS
།		PUNCT
ཁྱད་པར་	ཁྱད་པར་	NOUN
དམྱལ་བ་	དམྱལ་བ་	NOUN
ཚ་གྲང་	ཚ་གྲང་	NOUN
གི་	གི་	PART
སྡུག་བསྔལ་	སྡུག་བསྔལ་	NOUN
སྦྱོང་བ་	སྦྱོང་བ་	VERB
ར་	ལ་	PART
བྱེད་པ་	བྱེད་པ་	VERB
།		PUNCT
དམྱལ་བ་	དམྱལ་བ་	NOUN
འི་	གི་	PART
ཐུབ་པ་	ཐུབ་པ་	VERB
ཆོ་	ཆོ་	NOUN
ཀྱི་	གི་	PART
རྒྱལ་པོ་	རྒྱལ་པོ་	NOUN
འི་	གི་	PART
སྐུ་	སྐུ་	NOUN
དང་	དང་	NO_POS
ཕྲིན་ལས་	ཕྲིན་ལས་	NOUN
གཉིས་	གཉིས་	NUM
སུ་	ལ་	PART
མེད་པ་	མེད་པ་	VERB
།		PUNCT
མེ་ལོང་	མེ་ལོང་	NOUN
ཡེ་ཤེས་	ཡེ་ཤེས་	NOUN
ཀྱི་	གི་	PART
རང་	རང་	PRON
མདངས་	མདངས་	NOUN
གཟུགས་	གཟུགས་	NOUN
སུ་	ལ་	PART
ཤར་བ་	ཤར་བ་	VERB
།		PUNCT
འགྲོ་	འགྲོ་	VERB
དྲུག་	དྲུག་	NUM
མངོན་པ་	མངོན་པ་	OTHER
དགའ་བ་	དགའ་བ་	VERB
འི་	གི་	PART
ཞིང་	ཅིང་	PART
དུ་	ལ་	PART
འདྲེན་	འདྲེན་	NO_POS
ཅིང་	ཅིང་	PART
སངས་རྒྱས་	སངས་རྒྱས་	NOUN
མི་བསྐྱོད་པ་	མི་བསྐྱོད་པ་	NO_POS
འི་	གི་	PART
སྐུ་	སྐུ་	NOUN
ཐོབ་པ་	ཐོབ་པ་	VERB
ར་	ལ་	PART
བྱེད་པ་	བྱེད་པ་	VERB
སྟེ་	སྟེ་	PART
།		PUNCT
དེ་ལྟ་	དེ་ལྟ་	NO_POS
བུ་	བུ་	NOUN
འི་	གི་	PART
རིགས་	རིགས་	NOUN
དྲུག་	དྲུག་	NUM
འཁོར་བ་	འཁོར་བ་	NOUN
དོང་སྤྲུག་	དོང་སྤྲུག་	NO_POS
གི་	གི་	PART
ཕྲིན་ལས་	ཕྲིན་ལས་	NOUN
ཚད་	ཚད་	NOUN
མེད་པ་	མེད་པ་	VERB
འི་	གི་	PART
མཐུ་སྟོབས་	མཐུ་སྟོབས་	NOUN
ཐམས་ཅད་	ཐམས་ཅད་	DET
གཅིག་	གཅིག་	NUM
ཏུ་	ལ་	PART
བསྡུས་པ་	བསྡུས་པ་	VERB
།		PUNCT
གསང་སྔགས་	གསང་སྔགས་	NOUN
ཀྱི་	གི་	PART
རྒྱལ་པོ་	རྒྱལ་པོ་	NOUN
ཡི་གེ་	ཡི་གེ་	NOUN
དྲུག་པ་	དྲུག་པ་	NUM
འདི་ཉིད་	འདི་ཉིད་	OTHER
ཐུན་	ཐུན་	NOUN
གྱི་	གི་	PART
དངོས་གཞི་	དངོས་གཞི་	NOUN
ར་	ལ་	PART
ཇི་ཙམ་	ཇི་ཙམ་	PRON
ནུས་པ་	ནུས་པ་	VERB
ར་	ལ་	PART
བཟླ་	བཟླ་	NO_POS
།		PUNCT
མཐ་	མཐའ་	NOUN
ར་	ལ་	PART
སྤྱི་བོ་	སྤྱི་བོ་	NOUN
འི་	གི་	PART
བླ་མ་	བླ་མ་	NOUN
འི་	གི་	PART
སྐུ་	སྐུ་	NOUN
འི་	གི་	PART
འོད་	འོད་	NOUN
ཀྱིས་	གིས་	PART
སྣང་སྲིད་	སྣང་སྲིད་	NOUN
ཐམས་ཅད་	ཐམས་ཅད་	DET
སྐུ་	སྐུ་	NOUN
དང་	དང་	NO_POS
ཞིང་ཁམས་	ཞིང་ཁམས་	NOUN
སུ་	ལ་	PART
གསལ་བ་	གསལ་བ་	VERB
འོད་	འོད་	NOUN
དུ་	ལ་	PART
ཞུ་	ཞུ་	VERB
ན་	ནས་	PART
བླ་མ་	བླ་མ་	NOUN
སྤྱན་རས་	སྤྱན་རས་	NO_POS
གཟིགས་	གཟིགས་	VERB
ལ་	ལ་	PART
ཐིམ་	ཐིམ་	NO_POS
།		PUNCT
དེ་	སྟེ་	PART
འོད་	འོད་	NOUN
དུ་	ལ་	PART
ཞུ་	ཞུ་	VERB
ན་	ནས་	PART
རང་	རང་	PRON
ལ་	ལ་	PART
ཐིམ་	ཐིམ་	NO_POS
།		PUNCT
རང་	རང་	PRON
ཡང་	ཀྱང་	PART
འོད་	འོད་	NOUN
དུ་	ལ་	PART
ཞུ་	ཞུ་	VERB
ན་	ནས་	PART
བདག་གཞན་	བདག་གཞན་	NOUN
ལྷ་	ལྷ་	NOUN
སྔགས་	སྔགས་	NOUN
སུ་	ལ་	PART
འཛིན་པ་	འཛིན་པ་	VERB
འི་	གི་	PART
འཁོར་གསུམ་	འཁོར་གསུམ་	NO_POS
མི་	མི་	PART
དམིགས་པ་	དམིགས་པ་	VERB
འི་	གི་	PART
འོད་གསལ་	འོད་གསལ་	NOUN
སྟོང་པ་ཉིད་	སྟོང་པ་ཉིད་	NOUN
།		PUNCT
ཡོད་མེད་	ཡོད་མེད་	ADJ
།		PUNCT
ཡིན་	ཡིན་	NO_POS
མིན་	མིན་	AUX
།		PUNCT
སྟོང་	སྟོང་	NUM
དང་	དང་	NO_POS
མི་	མི་	PART
སྟོང་	སྟོང་	NUM
གི་	གི་	PART
སྤྲོས་པ་	སྤྲོས་པ་	VERB
འི་	གི་	PART
མཚན་མ་	མཚན་མ་	NOUN
འི་	གི་	PART
དམིགས་	དམིགས་	VERB
གཏད་	གཏད་	VERB
ཐམས་ཅད་	ཐམས་ཅད་	DET
སྤངས་པ་	སྤངས་པ་	VERB
།		PUNCT
སྣང་གྲག་	སྣང་གྲག་	PROPN
རིག་	རིག་	VERB
སྟོང་	སྟོང་	NUM
དབྱེ་	དབྱེ་	VERB
ར་	ལ་	PART
མེད་	མེད་	VERB
བལྟ་	བལྟ་	VERB
བྱ་	བྱ་	VERB
ལྟ་	ལྟ་	NOUN
བྱེད་	བྱེད་	VERB
བྲལ་བ་	བྲལ་བ་	VERB
འཕགས་པ་	འཕགས་པ་	VERB
འི་	གི་	PART
ཐུགས་	ཐུགས་	NOUN
ཆོས་དབྱིངས་	ཆོས་དབྱིངས་	NOUN
ཁྱབ་བརྡལ་	ཁྱབ་བརྡལ་	OTHER
ཆེན་པོ་	ཆེན་པོ་	ADJ
འི་	གི་	PART
རང་	རང་	PRON
ངོ་	གོ་	PART
ལ་	ལ་	PART
ཅི་	ཅི་	NO_POS
གནས་	གནས་	NOUN
སུ་	ལ་	PART
མཉམ་པ་	མཉམ་པ་	VERB
ར་	ལ་	PART
འཇོག་	འཇོག་	VERB
གོ་	གོ་	PART
། །		PUNCT
བཞི་པ་	བཞི་པ་	ADJ
རྗེས་	རྗེས་	NOUN
ལམ་	གམ་	PART
དུ་	ལ་	PART
ཁྱེར་བ་	ཁྱེར་བ་	VERB
ནི་	ནི་	NO_POS
།		PUNCT
དེ་ལས་	དེ་ལས་	NO_POS
ལྡང་བ་	ལྡང་བ་	VERB
ན་	ལ་	PART
།		PUNCT
བདག་གཞན་	བདག་གཞན་	NOUN
དུ་	ལ་	PART
སྣང་བ་	སྣང་བ་	VERB
འི་	གི་	PART
དངོས་པོ་	དངོས་པོ་	NOUN
ས་རྡོ་	ས་རྡོ་	NOUN
རི་བྲག་	རི་བྲག་	NOUN
ལ་སོགས་པ་	ལ་སོགས་པ་	NO_POS
འབྱུང་བ་	འབྱུང་བ་	VERB
ལྔ་	ལྔ་	NUM
འི་	གི་	PART
ཁམས་	ཁམས་	NOUN
ཀྱི་	གི་	PART
བསྡུས་པ་	བསྡུས་པ་	VERB
ཐམས་ཅད་	ཐམས་ཅད་	DET
འཕགས་པ་	འཕགས་པ་	VERB
ཐུགས་རྗེ་	ཐུགས་རྗེ་	NOUN
ཆེན་པོ་	ཆེན་པོ་	ADJ
འི་	གི་	PART
སྐུ་	སྐུ་	NOUN
དང་	དང་	NO_POS
།		PUNCT
སྲོག་	སྲོག་	NOUN
གི་	གི་	PART
དབང་པོ་	དབང་པོ་	NOUN
ས་	གིས་	PART
ཟིན་པ་	ཟིན་པ་	VERB
འགྲོ་བ་	འགྲོ་བ་	VERB
སེམས་ཅན་	སེམས་ཅན་	NOUN
དང་	དང་	NO_POS
།		PUNCT
མ་ཟིན་པ་	མ་ཟིན་པ་	NO_POS
འབྱུང་བ་	འབྱུང་བ་	VERB
འི་	གི་	PART
སྒྲ་	སྒྲ་	NOUN
སྐད་	སྐད་	NOUN
ཐམས་ཅད་	ཐམས་ཅད་	DET
འཕགས་པ་	འཕགས་པ་	VERB
འི་	གི་	PART
གསུང་	གསུང་	VERB
ཡི་གེ་	ཡི་གེ་	NOUN
དྲུག་	དྲུག་	NUM
མ་	མ་	PART
འི་	གི་	PART
སྒྲ་དབྱངས་	སྒྲ་དབྱངས་	NOUN
།		PUNCT
དྲན་རྟོག་	དྲན་རྟོག་	NO_POS
ཐམས་ཅད་	ཐམས་ཅད་	DET
འཕགས་པ་	འཕགས་པ་	VERB
འི་	གི་	PART
ཐུགས་རིག་	ཐུགས་རིག་	NO_POS
སྟོང་	སྟོང་	NUM
སྤྲོས་བྲལ་	སྤྲོས་བྲལ་	ADJ
ཆོས་སྐུ་	ཆོས་སྐུ་	NOUN
འི་	གི་	PART
གཤིས་ལུགས་	གཤིས་ལུགས་	OTHER
སུ་	ལ་	PART
མཉམ་པ་	མཉམ་པ་	VERB
ར་	ལ་	PART
འཇོག་པ་	འཇོག་པ་	VERB
སྟེ་	སྟེ་	PART
།		PUNCT
འགྲོ་	འགྲོ་	VERB
འཆག་	འཆག་	VERB
ཉལ་	ཉལ་	NO_POS
འདུག་	འདུག་	VERB
སྨྲ་བརྗོད་	སྨྲ་བརྗོད་	NO_POS
སྤྱོད་ལམ་	སྤྱོད་ལམ་	NOUN
ཐམས་ཅད་	ཐམས་ཅད་	DET
ཐ་མལ་	ཐ་མལ་	ADJ
གྱི་	གི་	PART
ཞེན་	ཞེན་	VERB
རྟོག་	རྟོག་	VERB
སྤངས་	སྤངས་	VERB
ན་	ནས་	PART
།		PUNCT
ཁྱེ་	ཁྱེ་	VERB
སོ་	གོ་	PART
གསུམ་	གསུམ་	NUM
གྱི་	གི་	PART
ཏིང་ངེ་འཛིན་	ཏིང་ངེ་འཛིན་	NOUN
འདི་ཉིད་	འདི་ཉིད་	OTHER
ཀྱིས་	གིས་	PART
རྩི་	རྩི་	NOUN
ཟིན་པ་	ཟིན་པ་	VERB
ར་	ལ་	PART
བྱ་	བྱ་	VERB
ལ་	ལ་	PART
།		PUNCT
བདག་གཞན་	བདག་གཞན་	NOUN
ལུས་	ལུས་	NOUN
སྣང་	སྣང་	VERB
འཕགས་པ་	འཕགས་པ་	VERB
འི་	གི་	PART
སྐུ་	སྐུ་	NOUN
། །		PUNCT
སྒྲ་	སྒྲ་	NOUN
གྲག་	གྲག་	VERB
ཡི་གེ་	ཡི་གེ་	NOUN
དྲུག་	དྲུག་	NUM
མ་	མ་	PART
འི་	གི་	PART
དབྱངས་	དབྱངས་	NOUN
། །		PUNCT
དྲན་རྟོག་	དྲན་རྟོག་	NO_POS
ཡེ་ཤེས་	ཡེ་ཤེས་	NOUN
ཆེན་པོ་	ཆེན་པོ་	ADJ
འི་	གི་	PART
ཀློང་	ཀློང་	NOUN
། །		PUNCT
ཞེ་	ཅེས་	PART
བརྗོད་	བརྗོད་	VERB
།		PUNCT
ལྔ་པ་	ལྔ་པ་	NUM
དགེ་རྩ་	དགེ་རྩ་	OTHER
བྱང་ཆུབ་	བྱང་ཆུབ་	NOUN
ཏུ་	ལ་	PART
བསྔོ་	བསྔོ་	VERB
ཞིང་	ཅིང་	PART
སྨོན་ལམ་	སྨོན་ལམ་	NOUN
གདབ་པ་	གདབ་པ་	VERB
ནི་	ནི་	NO_POS
།		PUNCT
དེ་ལྟ་	དེ་ལྟ་	NO_POS
བསྒོམ་	བསྒོམ་	VERB
བཟླས་	བཟླས་	NO_POS
བགྱིས་པ་	བགྱིས་པ་	VERB
འདི་	འདི་	DET
ས་	གིས་	PART
མཚོན་	མཚོན་	NOUN
བདག་	བདག་	PRON
རྒྱུད་	རྒྱུད་	NOUN
ལ་	ལ་	PART
ཡོད་པ་	ཡོད་པ་	VERB
འི་	གི་	PART
དགེ་ཚོགས་	དགེ་ཚོགས་	NOUN
རྣམས་	རྣམས་	DET
།		PUNCT
སེམས་ཅན་	སེམས་ཅན་	NOUN
ཐམས་ཅད་	ཐམས་ཅད་	DET
ལ་	ལ་	PART
མཉམ་པ་ཉིད་	མཉམ་པ་ཉིད་	NOUN
དུ་	ལ་	PART
བསྔོས་པ་	བསྔོས་པ་	VERB
འི་	གི་	PART
བསོད་ནམས་	བསོད་ནམས་	NOUN
ཀྱི་	གི་	PART
ཚོགས་	ཚོགས་	NOUN
བླ་	བླ་	NOUN
ན་	ལ་	PART
མེད་པ་	མེད་པ་	VERB
འདི་	འདི་	DET
ས་	གིས་	PART
དུས་	དུས་	NOUN
མྱུར་བ་	མྱུར་བ་	VERB
ཉིད་	ཉིད་	DET
དུ་	ལ་	PART
བདག་	བདག་	PRON
སྤྱན་རས་	སྤྱན་རས་	NO_POS
གཟིགས་	གཟིགས་	VERB
དབང་ཕྱུག་	དབང་ཕྱུག་	NOUN
དང་	དང་	NO_POS
མཚུངས་པ་	མཚུངས་པ་	VERB
འི་	གི་	PART
གོ་འཕང་	གོ་འཕང་	NOUN
བླ་	བླ་	NOUN
ན་	ལ་	PART
མེད་པ་	མེད་པ་	VERB
ཐོབ་	ཐོབ་	VERB
ན་	ནས་	PART
།		PUNCT
ནམ་མཁའ་	ནམ་མཁའ་	NOUN
དང་	དང་	NO_POS
མཉམ་པ་	མཉམ་པ་	VERB
འི་	གི་	PART
འགྲོ་བ་	འགྲོ་བ་	VERB
གཅིག་	གཅིག་	NUM
ཀྱང་	ཀྱང་	PART
མ་ལུས་པ་	མ་ལུས་པ་	OTHER
འཕགས་མཆོག་	འཕགས་མཆོག་	OTHER
ཐུགས་རྗེ་	ཐུགས་རྗེ་	NOUN
ཆེན་པོ་	ཆེན་པོ་	ADJ
འི་	གི་	PART
གོ་འཕང་	གོ་འཕང་	NOUN
དང་	དང་	NO_POS
དབྱེ་	དབྱེ་	VERB
ར་	ལ་	PART
མེད་	མེད་	VERB
རྫོགས་པ་	རྫོགས་པ་	VERB
འི་	གི་	PART
བྱང་ཆུབ་	བྱང་ཆུབ་	NOUN
དམ་པ་	དམ་པ་	VERB
ར་	ལ་	PART
འགོད་	འགོད་	NO_POS
ནུས་པ་	ནུས་པ་	VERB
འི་	གི་	PART
མཐུ་ཐོབ་	མཐུ་ཐོབ་	NO_POS
པར་ཤོག་	པར་ཤོག་	NO_POS
ཅིག་	ཅིག་	PART
སྙམ་པ་	སྙམ་པ་	VERB
ས་	གིས་	PART
།		PUNCT
དགེ་བ་	དགེ་བ་	VERB
འདི་	འདི་	DET
ཡི་	གིས་	PART
མྱུར་	མྱུར་	VERB
དུ་	ལ་	PART
བདག་	བདག་	PRON
།		PUNCT
སྤྱན་རས་	སྤྱན་རས་	NO_POS
གཟིགས་	གཟིགས་	VERB
དབང་	དབང་	NOUN
འགྲུབ་	འགྲུབ་	VERB
གྱུར་	གྱུར་	VERB
ན་	ནས་	PART
། །		PUNCT
འགྲོ་བ་	འགྲོ་བ་	VERB
གཅིག་	གཅིག་	NUM
ཀྱང་	ཀྱང་	PART
མ་ལུས་པ་	མ་ལུས་པ་	OTHER
། །		PUNCT
དེ་	སྟེ་	PART
ཡི་	གི་	PART
ས་	ས་	ADP
ལ་	ལ་	PART
འགོད་པ་	འགོད་པ་	VERB
ར་	ལ་	PART
ཤོག་	ཤོག་	VERB
།		PUNCT
ཅེས་	ཅེས་	PART
དང་	དང་	NO_POS
།		PUNCT
གཞན་	གཞན་	DET
ཡང་	ཀྱང་	PART
སྨོན་ལམ་	སྨོན་ལམ་	NOUN
རྣམ་པ་	རྣམ་པ་	NOUN
ར་	ལ་	PART
དག་པ་	དག་པ་	VERB
འི་	གི་	PART
མཚམས་	མཚམས་	NOUN
སྦྱོར་	སྦྱོར་	VERB
ཅི་	ཅི་	NO_POS
ནུས་	ནུས་	VERB
སུ་	ལ་	PART
བྱ་	བྱ་	VERB
འོ་	གོ་	PART
། །		PUNCT
དེ་ཙམ་	དེ་ཙམ་	NO_POS
མི་ལྕོགས་པ་	མི་ལྕོགས་པ་	NO_POS
འི་	གི་	PART
རིགས་	རིགས་	NOUN
རྣམས་	རྣམས་	DET
ཀྱིས་	གིས་	PART
།		PUNCT
ཐོག་མ་	ཐོག་མ་	NOUN
ར་	ལ་	PART
སྐྱབས་སེམས་	སྐྱབས་སེམས་	NO_POS
སྔ་	སྔ་	NOUN
བཤད་པ་	བཤད་པ་	VERB
བཞིན་	བཞིན་	NOUN
དང་	དང་	NO_POS
།		PUNCT
དངོས་གཞི་	དངོས་གཞི་	NOUN
རང་	རང་	PRON
གི་	གི་	PART
སྤྱི་བོ་	སྤྱི་བོ་	NOUN
ར་	ལ་	PART
འཕགས་མཆོག་	འཕགས་མཆོག་	OTHER
སྤྱན་རས་	སྤྱན་རས་	NO_POS
གཟིགས་	གཟིགས་	VERB
མངོན་རྟོགས་	མངོན་རྟོགས་	NOUN
དང་	དང་	NO_POS
མཐུན་པ་	མཐུན་པ་	VERB
འི་	གི་	PART
སྐུ་	སྐུ་	NOUN
བཞུགས་	བཞུགས་	VERB
ཡོད་	ཡོད་	VERB
སྙམ་པ་	སྙམ་པ་	VERB
འི་	གི་	PART
གསོལ་འདེབས་	གསོལ་འདེབས་	NOUN
ཀྱི་	གི་	PART
དམིགས་པ་	དམིགས་པ་	VERB
ལ་རྩེ་	ལ་རྩེ་	NOUN
གཅིག་	གཅིག་	NUM
ཏུ་	ལ་	PART
བློ་	བློ་	NOUN
སྒྲིམ་	སྒྲིམ་	NO_POS
ན་	ནས་	PART
གསོལ་འདེབས་	གསོལ་འདེབས་	NOUN
ཁ་ཤ་	ཁ་ཤ་	OTHER
དང་	དང་	NO_POS
།		PUNCT
བླ་མ་	བླ་མ་	NOUN
སྤྱན་རས་	སྤྱན་རས་	NO_POS
གཟིགས་	གཟིགས་	VERB
ཁྱེད་	ཁྱེད་	PRON
མཁྱེན་	མཁྱེན་	VERB
ནོ་	གོ་	PART
བསམ་པ་	བསམ་པ་	VERB
དང་	དང་	NO_POS
།		PUNCT
ཡང་ན་	ཡང་ན་	NO_POS
ཨོཾ་	ཨོཾ་	X
ནི་	ནི་	NO_POS
སྐུ་ལྔ་	སྐུ་ལྔ་	OTHER
འི་	གི་	PART
ཡེ་ཤེས་	ཡེ་ཤེས་	NOUN
འདུས་པ་	འདུས་པ་	VERB
འི་	གི་	PART
ཡི་གེ་	ཡི་གེ་	NOUN
།		PUNCT
མ་ཎི་	མ་ཎི་	OTHER
ནི་	ནི་	NO_POS
ནོར་བུ་	ནོར་བུ་	NOUN
།		PUNCT
པདྨེ་		NON_WORD
པདྨ་	པདྨ་	NOUN
ཅན་	ཅན་	PART
སྟེ་	སྟེ་	PART
།		PUNCT
ནོར་བུ་	ནོར་བུ་	NOUN
པདྨ་	པདྨ་	NOUN
ཅན་	ཅན་	PART
ཞེ་	ཅེས་	PART
འཕགས་པ་	འཕགས་པ་	VERB
སྤྱན་རས་	སྤྱན་རས་	NO_POS
གཟིགས་	གཟིགས་	VERB
ཀྱི་	གི་	PART
མཚན་	མཚན་	NOUN
།		PUNCT
ཧཱུཾ་		NON_WORD
ནི་	ནི་	NO_POS
འགྲོ་	འགྲོ་	VERB
དྲུག་	དྲུག་	NUM
གི་	གི་	PART
སྡུག་བསྔལ་	སྡུག་བསྔལ་	NOUN
ལ་	ལ་	ADP
ས་	གིས་	PART
སྐྱོབ་པ་	སྐྱོབ་པ་	VERB
ར་	ལ་	PART
མཛད་པ་	མཛད་པ་	VERB
འི་	གི་	PART
ཕྲིན་ལས་	ཕྲིན་ལས་	NOUN
ཀྱི་	གི་	PART
སྔགས་	སྔགས་	NOUN
སོ་	གོ་	PART
། །		PUNCT
དེ་ལྟ་	དེ་ལྟ་	NO_POS
ན་	ལ་	PART
།		PUNCT
སྐུ་ལྔ་	སྐུ་ལྔ་	OTHER
ཡེ་ཤེས་	ཡེ་ཤེས་	NOUN
ལྔ་	ལྔ་	NUM
འི་	གི་	PART
བདག་ཉིད་	བདག་ཉིད་	NOUN
ནོར་བུ་	ནོར་བུ་	NOUN
པདྨ་	པདྨ་	NOUN
ཅན་	ཅན་	PART
གྱིས་	གིས་	PART
འགྲོ་བ་	འགྲོ་བ་	VERB
རིགས་	རིགས་	NOUN
དྲུག་	དྲུག་	NUM
གི་	གི་	PART
སྡུག་བསྔལ་	སྡུག་བསྔལ་	NOUN
ལ་	ལ་	ADP
ས་	གིས་	PART
བསྐྱབ་	བསྐྱབ་	NO_POS
ཏུ་	ལ་	PART
གསོལ་	གསོལ་	VERB
སྙམ་པ་	སྙམ་པ་	VERB
འི་	གི་	PART
གསོལ་འདེབས་	གསོལ་འདེབས་	NOUN
ཀྱི་	གི་	PART
ངང་	ངང་	NOUN
ན་	ནས་	PART
ཡིག་དྲུག་	ཡིག་དྲུག་	NO_POS
ཅི་	ཅི་	NO_POS
ནུས་	ནུས་	VERB
བཟླ་	བཟླ་	NO_POS
།		PUNCT
མཐ་	མཐའ་	NOUN
ར་	ལ་	PART
སྤྱི་བོ་	སྤྱི་བོ་	NOUN
འི་	གི་	PART
བླ་མ་	བླ་མ་	NOUN
སྤྱན་རས་	སྤྱན་རས་	NO_POS
གཟིགས་	གཟིགས་	VERB
དགྱེས་པ་	དགྱེས་པ་	VERB
ཆེན་པོ་	ཆེན་པོ་	ADJ
ས་	གིས་	PART
འོད་	འོད་	NOUN
དུ་	ལ་	PART
ཞུ་	ཞུ་	VERB
ན་	ནས་	PART
རང་	རང་	PRON
ལ་	ལ་	PART
ཐིམ་པ་	ཐིམ་པ་	VERB
ས་	གིས་	PART
།		PUNCT
རང་	རང་	PRON
གི་	གི་	PART
རྒྱུད་	རྒྱུད་	NOUN
ལ་	ལ་	PART
འཕགས་པ་	འཕགས་པ་	VERB
འི་	གི་	PART
ཡེ་ཤེས་	ཡེ་ཤེས་	NOUN
ཞུགས་	ཞུགས་	VERB
བྱུང་	བྱུང་	VERB
སྙམ་པ་	སྙམ་པ་	VERB
འི་	གི་	PART
འདུན་པ་	འདུན་པ་	PROPN
ཐེ་ཚོམ་	ཐེ་ཚོམ་	NOUN
མེད་པ་	མེད་པ་	VERB
ར་	ལ་	PART
བྱ་	བྱ་	VERB
ཞིང་	ཅིང་	PART
།		PUNCT
རྗེས་བསྔོ་བ་	རྗེས་བསྔོ་བ་	NO_POS
དང་	དང་	NO_POS
།		PUNCT
སྨོན་ལམ་	སྨོན་ལམ་	NOUN
བཅའ་	བཅའ་	VERB
བགྱི་	བགྱི་	VERB
ན་	ན་	ADP
འང་	ཀྱང་	PART
འོག་	འོག་	NOUN
ན་	ནས་	PART
འབྱུང་བ་	འབྱུང་བ་	VERB
འི་	གི་	PART
ཕན་ཡོན་	ཕན་ཡོན་	NOUN
རྣམས་	རྣམས་	DET
ཐོབ་	ཐོབ་	VERB
ངེས་པ་	ངེས་པ་	VERB
ས་	གིས་	PART
།		PUNCT
གུ་	གུ་	VERB
སྤྲོ་	སྤྲོ་	NO_POS
ལྡན་པ་	ལྡན་པ་	VERB
ས་	གིས་	PART
ཀུན་	ཀུན་	DET
གྱིས་	གིས་	PART
ཉམས་ལེན་	ཉམས་ལེན་	NOUN
མཛོད་	མཛོད་	NOUN
ཅིག་	ཅིག་	PART
།		PUNCT
དྲུག་པ་	དྲུག་པ་	NUM
ཕན་ཡོན་	ཕན་ཡོན་	NOUN
བསྟན་པ་	བསྟན་པ་	VERB
ནི་	ནི་	NO_POS
།		PUNCT
དེ་ལྟ་	དེ་ལྟ་	NO_POS
འཕགས་པ་	འཕགས་པ་	VERB
སྤྱན་རས་	སྤྱན་རས་	NO_POS
གཟིགས་	གཟིགས་	VERB
ཀྱི་	གི་	PART
སྒོམ་བཟླས་	སྒོམ་བཟླས་	OTHER
བགྱིས་པ་	བགྱིས་པ་	VERB
འི་	གི་	PART
ཕན་ཡོན་	ཕན་ཡོན་	NOUN
ཚད་	ཚད་	NOUN
བཟུང་	བཟུང་	NO_POS
མེད་པ་	མེད་པ་	VERB
འི་	གི་	PART
སྙིང་པོ་	སྙིང་པོ་	NOUN
ཅུང་ཟད་	ཅུང་ཟད་	ADV
ཙམ་	ཙམ་	DET
བརྗོད་	བརྗོད་	VERB
ན་	ལ་	PART
།		PUNCT
སྐུ་	སྐུ་	NOUN
བསྒོམ་	བསྒོམ་	VERB
ཞིང་	ཅིང་	PART
ཡིད་	ཡིད་	NOUN
ལ་	ལ་	PART
བྱས་པ་	བྱས་པ་	VERB
འི་	གི་	PART
ཕན་ཡོན་	ཕན་ཡོན་	NOUN
བསྟན་པ་	བསྟན་པ་	VERB
ནི་	ནི་	NO_POS
།		PUNCT
རྩ་རྒྱུད་	རྩ་རྒྱུད་	NOUN
པདྨ་	པདྨ་	NOUN
དྲྭ་བ་	དྲྭ་བ་	NON_WORD
ལ་	ལ་	ADP
ས་	གིས་	PART
།		PUNCT
སྐུ་	སྐུ་	NOUN
ཡི་	གི་	PART
དཀྱིལ་འཁོར་	དཀྱིལ་འཁོར་	NOUN
གཅིག་	གཅིག་	NUM
བསྒོམ་པ་	བསྒོམ་པ་	VERB
ས་	གིས་	PART
། །		PUNCT
སངས་རྒྱས་	སངས་རྒྱས་	NOUN
ཐམས་ཅད་	ཐམས་ཅད་	DET
འདུས་པ་	འདུས་པ་	VERB
ནི་	ནི་	NO_POS
། །		PUNCT
མགོན་པོ་	མགོན་པོ་	NOUN
སྤྱན་རས་	སྤྱན་རས་	NO_POS
གཟིགས་	གཟིགས་	VERB
སྐུ་	སྐུ་	NOUN
ཡིན་	ཡིན་	NO_POS
། །		PUNCT
སྒོམ་	སྒོམ་	VERB
དང་	དང་	NO_POS
ཡིད་	ཡིད་	NOUN
ལ་	ལ་	PART
དྲན་པ་	དྲན་པ་	VERB
ས་	གིས་	PART
ཀྱང་	ཀྱང་	PART
། །		PUNCT
མཚམས་མེད་	མཚམས་མེད་	NOUN
སྡིག་པ་	སྡིག་པ་	VERB
འདག་པ་	འདག་པ་	VERB
ར་	ལ་	PART
བྱེད་	བྱེད་	VERB
། །		PUNCT
ཅེས་	ཅེས་	PART
དང་	དང་	NO_POS
།		PUNCT
གསང་སྔགས་	གསང་སྔགས་	NOUN
ཀྱི་	གི་	PART
རྒྱལ་པོ་	རྒྱལ་པོ་	NOUN
ཡི་གེ་	ཡི་གེ་	NOUN
དྲུག་པ་	དྲུག་པ་	NUM
བཟླས་པ་	བཟླས་པ་	VERB
འི་	གི་	PART
ཕན་ཡོན་	ཕན་ཡོན་	NOUN
ནི་	ནི་	NO_POS
།		PUNCT
རྒྱལ་བ་	རྒྱལ་བ་	NOUN
རྫོགས་པ་	རྫོགས་པ་	VERB
འི་	གི་	PART
སངས་རྒྱས་	སངས་རྒྱས་	NOUN
ཤཱཀྱ་	ཤཱཀྱ་	PROPN
ཐུབ་པ་	ཐུབ་པ་	VERB
འི་	གི་	PART
གསུང་	གསུང་	VERB
དྲི་མ་	དྲི་མ་	NOUN
མེད་པ་	མེད་པ་	VERB
།		PUNCT
མ་	མ་	PART
ཧཱ་		NON_WORD
གུ་རུ་	གུ་རུ་	PROPN
པདྨ་	པདྨ་	NOUN
འབྱུང་གནས་	འབྱུང་གནས་	NOUN
ཀྱིས་	གིས་	PART
བོད་	བོད་	PROPN
འབངས་	འབངས་	NOUN
རྣམས་	རྣམས་	DET
ལ་	ལ་	PART
ཞལ་ཆེམས་	ཞལ་ཆེམས་	NOUN
སུ་	ལ་	PART
སྩལ་བ་	སྩལ་བ་	VERB
༑		PUNCT
སྤྲུལ་པ་	སྤྲུལ་པ་	VERB
འི་	གི་	PART
གཏེར་ཆེན་	གཏེར་ཆེན་	OTHER
རྩོད་བྲལ་	རྩོད་བྲལ་	NO_POS
རིག་འཛིན་	རིག་འཛིན་	OTHER
འཇའ་ཚོན་	འཇའ་ཚོན་	NOUN
སྙིང་པོ་	སྙིང་པོ་	NOUN
འི་	གི་	PART
གཏེར་ཆོས་	གཏེར་ཆོས་	OTHER
ལ་	ལ་	ADP
ས་	གིས་	PART
།		PUNCT
ཨོཾ་	ཨོཾ་	X
མ་ཎི་	མ་ཎི་	OTHER
པདྨེ་		NON_WORD
ཧཱུཾ་		NON_WORD
༔		PUNCT
ཡི་གེ་	ཡི་གེ་	NOUN
དྲུག་པ་	དྲུག་པ་	NUM
འདི་	འདི་	DET
ནི་	ནི་	NO_POS
༔		PUNCT
སངས་རྒྱས་	སངས་རྒྱས་	NOUN
ཐམས་ཅད་	ཐམས་ཅད་	DET
ཀྱི་	གི་	PART
དགོངས་པ་	དགོངས་པ་	VERB
གཅིག་	གཅིག་	NUM
ཏུ་	ལ་	PART
བསྡུས་པ་	བསྡུས་པ་	VERB
འི་	གི་	PART
བདག་ཉིད་	བདག་ཉིད་	NOUN
༔		PUNCT
ཆོ་	ཆོ་	NOUN
ཀྱི་	གི་	PART
ཕུང་པོ་	ཕུང་པོ་	NOUN
བརྒྱད་	བརྒྱད་	NUM
ཁྲི་	ཁྲི་	NUM
བཞི་	བཞི་	NUM
སྟོང་	སྟོང་	NUM
གི་	གི་	PART
རྩ་བ་	རྩ་བ་	NOUN
ཐམས་ཅད་	ཐམས་ཅད་	DET
གཅིག་	གཅིག་	NUM
ཏུ་	ལ་	PART
བསྡུས་པ་	བསྡུས་པ་	VERB
འི་	གི་	PART
སྙིང་པོ་	སྙིང་པོ་	NOUN
སངས་རྒྱས་	སངས་རྒྱས་	NOUN
རིགས་	རིགས་	NOUN
ལྔ་	ལྔ་	NUM
དང་	དང་	NO_POS
༔		PUNCT
གསང་བ་	གསང་བ་	VERB
འི་	གི་	PART
བདག་པོ་	བདག་པོ་	NOUN
རྣམས་	རྣམས་	DET
ཀྱི་	གི་	PART
སྙིང་པོ་	སྙིང་པོ་	NOUN
༔		PUNCT
ཡི་གེ་	ཡི་གེ་	NOUN
དྲུག་པ་	དྲུག་པ་	NUM
རེ་རེ་	རེ་རེ་	DET
ན་	ནས་	PART
བསྡུས་པ་	བསྡུས་པ་	VERB
འི་	གི་	PART
མན་ངག་	མན་ངག་	NOUN
༔		PUNCT
བདེ་གཤེགས་	བདེ་གཤེགས་	NOUN
དང་	དང་	NO_POS
ཡོན་ཏན་	ཡོན་ཏན་	NOUN
ཐམས་ཅད་	ཐམས་ཅད་	DET
ཀྱི་	གི་	PART
འབྱུང་གནས་	འབྱུང་གནས་	NOUN
༔		PUNCT
ཕན་བདེ་	ཕན་བདེ་	OTHER
འི་	གི་	PART
དངོས་གྲུབ་	དངོས་གྲུབ་	NOUN
ཐམས་ཅད་	ཐམས་ཅད་	DET
ཀྱི་	གི་	PART
རྩ་བ་	རྩ་བ་	NOUN
༔		PUNCT
མཐོ་རིས་	མཐོ་རིས་	NOUN
དང་	དང་	NO_POS
ཐར་པ་	ཐར་པ་	VERB
འི་	གི་	PART
ལམ་	གམ་	PART
ཆེན་པོ་	ཆེན་པོ་	ADJ
ཡིན་	ཡིན་	NO_POS
ནོ་	གོ་	PART
༔		PUNCT
ཆོ་	ཆོ་	NOUN
ཐམས་ཅད་	ཐམས་ཅད་	DET
ཀྱི་	གི་	PART
སྙིང་པོ་	སྙིང་པོ་	NOUN
གསུང་མཆོག་	གསུང་མཆོག་	NO_POS
ཡི་གེ་	ཡི་གེ་	NOUN
དྲུག་པ་	དྲུག་པ་	NUM
འདི་	འདི་	DET
ལན་	ལན་	NOUN
གཅིག་	གཅིག་	NUM
ཐོས་པ་	ཐོས་པ་	VERB
ས་	གིས་	PART
ཀྱང་	ཀྱང་	PART
༔		PUNCT
ཕྱི་	ཕྱི་	OTHER
མི་	མི་	PART
ལྡོག་པ་	ལྡོག་པ་	VERB
འི་	གི་	PART
ས་	ས་	ADP
ཐོབ་	ཐོབ་	VERB
སྟེ་	སྟེ་	PART
༔		PUNCT
འགྲོ་བ་	འགྲོ་བ་	VERB
སྒྲོལ་བ་	སྒྲོལ་བ་	VERB
འི་	གི་	PART
དེད་དཔོན་	དེད་དཔོན་	NOUN
དུ་	ལ་	PART
འགྱུར་	འགྱུར་	VERB
རོ་	རོ་	NOUN
༔		PUNCT
གྲོག་	གྲོག་	NOUN
སྦུར་	སྦུར་	NO_POS
རམ་	གམ་	PART
དུད་འགྲོ་	དུད་འགྲོ་	NOUN
འཆི་ཁ་མ་	འཆི་ཁ་མ་	NO_POS
འི་	གི་	PART
རྣ་བ་	རྣ་བ་	NOUN
ར་	ལ་	PART
ཐོ་	ཐོ་	VERB
ན་	ན་	ADP
འང་	ཀྱང་	PART
ལུས་	ལུས་	NOUN
དེ་ལས་	དེ་ལས་	NO_POS
གྲོལ་	གྲོལ་	VERB
ཏེ་	སྟེ་	PART
བདེ་བ་	བདེ་བ་	VERB
ཅན་	ཅན་	PART
དུ་	ལ་	PART
སྐྱེ་བ་	སྐྱེ་བ་	VERB
ར་	ལ་	PART
འགྱུར་	འགྱུར་	VERB
རོ་	རོ་	NOUN
༔		PUNCT
ཡི་གེ་	ཡི་གེ་	NOUN
དྲུག་པ་	དྲུག་པ་	NUM
ཙམ་	ཙམ་	DET
གྱིས་	གིས་	PART
ཀྱང་	ཀྱང་	PART
༔		PUNCT
གངས་	གངས་	NOUN
ལ་	ལ་	PART
ཉི་མ་	ཉི་མ་	NOUN
ཤར་བ་	ཤར་བ་	VERB
དང་	དང་	NO_POS
འདྲ་	འདྲ་	VERB
སྟེ་	སྟེ་	PART
༔		PUNCT
ཚེ་	ཚེ་	NOUN
འཁོར་བ་	འཁོར་བ་	NOUN
ཐོག་མ་	ཐོག་མ་	NOUN
མེད་པ་	མེད་པ་	VERB
ན་	ནས་	PART
བསགས་པ་	བསགས་པ་	VERB
འི་	གི་	PART
ལས་ངན་	ལས་ངན་	NOUN
གྱི་	གི་	PART
སྡིག་སྒྲིབ་	སྡིག་སྒྲིབ་	NOUN
ཐམས་ཅད་	ཐམས་ཅད་	DET
དག་	དག་	DET
ན་	ནས་	PART
བདེ་བ་	བདེ་བ་	VERB
ཅན་	ཅན་	PART
དུ་	ལ་	PART
སྐྱེ་བ་	སྐྱེ་བ་	VERB
ར་	ལ་	PART
འགྱུར་	འགྱུར་	VERB
རོ་	རོ་	NOUN
༔		PUNCT
རེག་	རེག་	VERB
ན་	ལ་	PART
ཡང་	ཀྱང་	PART
སངས་རྒྱས་	སངས་རྒྱས་	NOUN
དང་	དང་	NO_POS
བྱང་ཆུབ་	བྱང་ཆུབ་	NOUN
སེམས་དཔའ་	སེམས་དཔའ་	NOUN
དཔག་	དཔག་	VERB
ཏུ་	ལ་	PART
མེད་པ་	མེད་པ་	VERB
འི་	གི་	PART
དབང་	དབང་	NOUN
བསྐུར་	བསྐུར་	NO_POS
ཐོབ་པ་	ཐོབ་པ་	VERB
ཡིན་	ཡིན་	NO_POS
ནོ་	གོ་	PART
༔		PUNCT
ལན་	ལན་	NOUN
གཅིག་	གཅིག་	NUM
བསྒོམས་པ་	བསྒོམས་པ་	VERB
ས་	གིས་	PART
ཀྱང་	ཀྱང་	PART
ཐོས་བསམ་	ཐོས་བསམ་	NOUN
སྒོམ་	སྒོམ་	VERB
གསུམ་	གསུམ་	NUM
གོ་	གོ་	PART
ཆོད་པ་	ཆོད་པ་	VERB
ཡིན་	ཡིན་	NO_POS
ཏེ་	སྟེ་	PART
༔		PUNCT
སྣང་ཚད་	སྣང་ཚད་	NO_POS
ཆོས་སྐུ་	ཆོས་སྐུ་	NOUN
ར་	ལ་	PART
ཤ་	ཤ་	VERB
༔		PUNCT
འགྲོ་དོན་	འགྲོ་དོན་	NOUN
ཕྲིན་ལས་	ཕྲིན་ལས་	NOUN
ཀྱི་	གི་	PART
གཏེར་ཁ་	གཏེར་ཁ་	NOUN
བྱེ་བ་	བྱེ་བ་	NOUN
ཡིན་	ཡིན་	NO_POS
ནོ་	གོ་	PART
༔		PUNCT
ཞེ་	ཅེས་	PART
སོགས་	སོགས་	DET
དང་	དང་	NO_POS
།		PUNCT
རིགས་	རིགས་	NOUN
ཀྱི་	གི་	PART
བུ་	བུ་	NOUN
རི་	རི་	NOUN
འི་	གི་	PART
རྒྱལ་པོ་	རྒྱལ་པོ་	NOUN
རི་རབ་	རི་རབ་	PROPN
འདི་	འདི་	DET
སྲང་	སྲང་	NOUN
ལ་	ལ་	PART
གཞལ་བ་	གཞལ་བ་	VERB
འི་	གི་	PART
ཚད་	ཚད་	NOUN
བགྲང་བ་	བགྲང་བ་	VERB
ར་	ལ་	PART
ནུས་	ནུས་	VERB
ཀྱི་	གི་	PART
༔		PUNCT
ཡི་གེ་	ཡི་གེ་	NOUN
དྲུག་པ་	དྲུག་པ་	NUM
ལན་	ལན་	NOUN
གཅིག་	གཅིག་	NUM
བཟླས་པ་	བཟླས་པ་	VERB
འི་	གི་	PART
བསོད་ནམས་	བསོད་ནམས་	NOUN
ནི་	ནི་	NO_POS
བགྲང་བ་	བགྲང་བ་	VERB
ར་	ལ་	PART
མི་	མི་	PART
ནུས་	ནུས་	VERB
སོ་	གོ་	PART
༔		PUNCT
རྡོ་རྗེ་	རྡོ་རྗེ་	NOUN
འི་	གི་	PART
བྲག་ལ་	བྲག་ལ་	NO_POS
ཀ་	ཀ་	DET
ཤི་	ཤི་	VERB
ཀ་	ཀ་	DET
འི་	གི་	PART
ར་	ར་	NOUN
ཀྱིས་	གིས་	PART
ལོ་	གོ་	PART
བརྒྱ་	བརྒྱ་	NUM
བརྒྱ་	བརྒྱ་	NUM
ན་	ལ་	PART
ལན་	ལན་	NOUN
རེ་རེ་	རེ་རེ་	DET
ཕྱིས་པ་	ཕྱིས་པ་	VERB
ན་	ན་	ADP
འང་	ཀྱང་	PART
ཟད་པ་		
ནུས་	ནུས་	VERB
ཏེ་	སྟེ་	PART
༔		PUNCT
ཡི་གེ་	ཡི་གེ་	NOUN
དྲུག་པ་	དྲུག་པ་	NUM
འདི་	འདི་	DET
ལན་	ལན་	NOUN
གཅིག་	གཅིག་	NUM
བཟླས་པ་	བཟླས་པ་	VERB
འི་	གི་	PART
བསོད་ནམས་	བསོད་ནམས་	NOUN
ནི་	ནི་	NO_POS
བགྲང་བ་	བགྲང་བ་	VERB
ར་	ལ་	PART
མི་	མི་	PART
ནུས་	ནུས་	VERB
སོ་	གོ་	PART
༔		PUNCT
རྒྱ་མཚོ་	རྒྱ་མཚོ་	NOUN
ཆེན་པོ་	ཆེན་པོ་	ADJ
འི་	གི་	PART
ཆུ་	ཆུ་	NOUN
ཐིག་པ་	ཐིག་པ་	OTHER
རེ་རེ་	རེ་རེ་	DET
ན་	ནས་	PART
འདྲེན་པ་	འདྲེན་པ་	VERB
ར་	ལ་	PART
ནུས་	ནུས་	VERB
ཏེ་	སྟེ་	PART
༔		PUNCT
ཡི་གེ་	ཡི་གེ་	NOUN
དྲུག་པ་	དྲུག་པ་	NUM
ལན་	ལན་	NOUN
གཅིག་	གཅིག་	NUM
བཟླས་པ་	བཟླས་པ་	VERB
འི་	གི་	PART
བསོད་ནམས་	བསོད་ནམས་	NOUN
ནི་	ནི་	NO_POS
ཟད་པ་		
མི་	མི་	PART
ནུས་	ནུས་	VERB
སོ་	གོ་	PART
༔		PUNCT
ཁ་བ་	ཁ་བ་	NOUN
ཅན་	ཅན་	PART
གྱི་	གི་	PART
རྡུལ་	རྡུལ་	NOUN
གྱི་	གི་	PART
ཕྲ་རབ་	ཕྲ་རབ་	NO_POS
དང་	དང་	NO_POS
༔		PUNCT
རྩི་ཤིང་	རྩི་ཤིང་	NOUN
ནགས་ཚལ་	ནགས་ཚལ་	NOUN
གྱི་	གི་	PART
ལོ་མ་	ལོ་མ་	NOUN
རེ་རེ་	རེ་རེ་	DET
ན་	ནས་	PART
བགྲང་བ་	བགྲང་བ་	VERB
ར་	ལ་	PART
ནུས་	ནུས་	VERB
ཏེ་	སྟེ་	PART
༔		PUNCT
ཡི་གེ་	ཡི་གེ་	NOUN
དྲུག་པ་	དྲུག་པ་	NUM
ལན་	ལན་	NOUN
གཅིག་	གཅིག་	NUM
བཟླས་པ་	བཟླས་པ་	VERB
འི་	གི་	PART
བསོད་ནམས་	བསོད་ནམས་	NOUN
ཀྱི་	གི་	PART
ཚད་	ཚད་	NOUN
ནི་	ནི་	NO_POS
བགྲང་བ་	བགྲང་བ་	VERB
ར་	ལ་	PART
མི་	མི་	PART
ནུས་	ནུས་	VERB
སོ་	གོ་	PART
༔		PUNCT
དེ་བཞིན་	དེ་བཞིན་	OTHER
དུ་	ལ་	PART
ཁང་པ་	ཁང་པ་	NOUN
དཔག་ཚད་	དཔག་ཚད་	NOUN
བརྒྱ་པ་	བརྒྱ་པ་	NUM
ཏིལ་	ཏིལ་	NOUN
གྱིས་	གིས་	PART
བཀང་	བཀང་	VERB
སྟེ་	སྟེ་	PART
ཉིན་	ཉིན་	NOUN
རེ་	རེ་	DET
རྡོག་པོ་	རྡོག་པོ་	NOUN
རེ་རེ་	རེ་རེ་	DET
བསྐྱུར་	བསྐྱུར་	NO_POS
ན་	ན་	ADP
འང་	ཀྱང་	PART
ཟད་པ་		
ནུས་	ནུས་	VERB
སྟེ་	སྟེ་	PART
༔		PUNCT
ཡི་གེ་	ཡི་གེ་	NOUN
དྲུག་པ་	དྲུག་པ་	NUM
ལན་	ལན་	NOUN
གཅིག་	གཅིག་	NUM
བཟླས་པ་	བཟླས་པ་	VERB
འི་	གི་	PART
བསོད་ནམས་	བསོད་ནམས་	NOUN
ཀྱི་	གི་	PART
ཚད་	ཚད་	NOUN
ནི་	ནི་	NO_POS
བགྲང་བ་	བགྲང་བ་	VERB
ར་	ལ་	PART
མི་	མི་	PART
ནུས་	ནུས་	VERB
སོ་	གོ་	PART
༔		PUNCT
ཟླ་བ་	ཟླ་བ་	NOUN
བཅུ་གཉིས་	བཅུ་གཉིས་	NO_POS
སུ་	ལ་	PART
ཆ་	ཆ་	NOUN
ར་	ལ་	PART
འབབས་པ་	འབབས་པ་	NON_WORD
འི་	གི་	PART
ཐིག་པ་	ཐིག་པ་	OTHER
རེ་རེ་	རེ་རེ་	DET
ན་	ནས་	PART
བགྲང་བ་	བགྲང་བ་	VERB
ར་	ལ་	PART
ནུས་	ནུས་	VERB
ཀྱི་	གི་	PART
༔		PUNCT
ཡི་གེ་	ཡི་གེ་	NOUN
དྲུག་པ་	དྲུག་པ་	NUM
ལན་	ལན་	NOUN
གཅིག་	གཅིག་	NUM
བཟླས་པ་	བཟླས་པ་	VERB
འི་	གི་	PART
བསོད་ནམས་	བསོད་ནམས་	NOUN
ཀྱི་	གི་	PART
ཚད་	ཚད་	NOUN
ནི་	ནི་	NO_POS
བགྲང་བ་	བགྲང་བ་	VERB
ར་	ལ་	PART
མི་	མི་	PART
ནུས་	ནུས་	VERB
སོ་	གོ་	PART
༔		PUNCT
འདི་ལྟ་སྟེ་	འདི་ལྟ་སྟེ་	NO_POS
༔		PUNCT
རིགས་	རིགས་	NOUN
ཀྱི་	གི་	PART
བུ་	བུ་	NOUN
ཉིན་མཚན་	ཉིན་མཚན་	ADV
མེད་པ་	མེད་པ་	VERB
ར་	ལ་	PART
མང་	མང་	VERB
དུ་	ལ་	PART
བརྗོད་	བརྗོད་	VERB
མི་	མི་	PART
དགོས་	དགོས་	VERB
ཀྱང་	ཀྱང་	PART
༔		PUNCT
ང་	ང་	PRON
དང་	དང་	NO_POS
འདྲ་བ་	འདྲ་བ་	VERB
འི་	གི་	PART
དེ་བཞིན་	དེ་བཞིན་	OTHER
གཤེགས་པ་	གཤེགས་པ་	VERB
བྱེ་བ་	བྱེ་བ་	NOUN
ལ་	ལ་	PART
བསྙེན་བཀུར་	བསྙེན་བཀུར་	NOUN
བྱས་པ་	བྱས་པ་	VERB
འི་	གི་	PART
བསོད་ནམས་	བསོད་ནམས་	NOUN
ཀྱི་	གི་	PART
ཚད་	ཚད་	NOUN
ནི་	ནི་	NO_POS
བགྲང་བ་	བགྲང་བ་	VERB
ར་	ལ་	PART
ནུས་	ནུས་	VERB
ཏེ་	སྟེ་	PART
༔		PUNCT
ཡི་གེ་	ཡི་གེ་	NOUN
དྲུག་པ་	དྲུག་པ་	NUM
ལན་	ལན་	NOUN
གཅིག་	གཅིག་	NUM
བཟླས་པ་	བཟླས་པ་	VERB
འི་	གི་	PART
བསོད་ནམས་	བསོད་ནམས་	NOUN
ཀྱི་	གི་	PART
ཚད་	ཚད་	NOUN
ནི་	ནི་	NO_POS
བགྲང་བ་	བགྲང་བ་	VERB
ར་	ལ་	PART
མི་	མི་	PART
ནུས་	ནུས་	VERB
སོ་	གོ་	PART
༔		PUNCT
འགྲོ་	འགྲོ་	VERB
དྲུག་	དྲུག་	NUM
གི་	གི་	PART
སྐྱེ་སྒོ་	སྐྱེ་སྒོ་	OTHER
ཡང་	ཀྱང་	PART
འདི་	འདི་	DET
ས་	གིས་	PART
གཅོད་པ་	གཅོད་པ་	VERB
ཡིན་	ཡིན་	NO_POS
ནོ་	གོ་	PART
༔		PUNCT
ཕ་རོལ་	ཕ་རོལ་	NOUN
ཏུ་	ལ་	PART
ཕྱིན་པ་	ཕྱིན་པ་	VERB
དྲུག་	དྲུག་	NUM
གི་	གི་	PART
ས་ལམ་	ས་ལམ་	OTHER
ཡང་	ཀྱང་	PART
འདི་	འདི་	DET
ས་	གིས་	PART
ཆོད་པ་	ཆོད་པ་	VERB
ཡིན་	ཡིན་	NO_POS
ནོ་	གོ་	PART
༔		PUNCT
ལ་	ལ་	ADP
ས་	གིས་	PART
ཉོན་	ཉོན་	VERB
བག་ཆགས་	བག་ཆགས་	NOUN
ཀྱི་	གི་	PART
དྲི་མ་	དྲི་མ་	NOUN
ཡང་	ཀྱང་	PART
འདི་	འདི་	DET
ས་	གིས་	PART
འདག་པ་	འདག་པ་	VERB
ཡིན་	ཡིན་	NO_POS
ནོ་	གོ་	PART
༔		PUNCT
སྐུ་གསུམ་	སྐུ་གསུམ་	OTHER
གྱི་	གི་	PART
ཞིང་ཁམས་	ཞིང་ཁམས་	NOUN
ཀྱང་	ཀྱང་	PART
འདི་	འདི་	DET
ས་	གིས་	PART
འབྱོངས་པ་	འབྱོངས་པ་	VERB
ཡིན་	ཡིན་	NO_POS
ནོ་	གོ་	PART
༔		PUNCT
རིགས་	རིགས་	NOUN
ཀྱི་	གི་	PART
བུ་	བུ་	NOUN
དག་	དག་	DET
སྙན་	སྙན་	NOUN
གསོན་	གསོན་	VERB
ཅིག་	ཅིག་	PART
༔		PUNCT
རྒྱལ་བ་	རྒྱལ་བ་	NOUN
ཀུན་	ཀུན་	DET
གྱིས་	གིས་	PART
བྱིན་	བྱིན་	VERB
བརླབས་པ་	བརླབས་པ་	VERB
ས་	གིས་	PART
༔		PUNCT
ཡང་སྙིང་	ཡང་སྙིང་	NOUN
འདུས་པ་	འདུས་པ་	VERB
འི་	གི་	PART
སྙིང་པོ་	སྙིང་པོ་	NOUN
འདི་	འདི་	DET
༔		PUNCT
ཕན་བདེ་	ཕན་བདེ་	OTHER
ཀུན་	ཀུན་	DET
གྱི་	གི་	PART
འབྱུང་གནས་	འབྱུང་གནས་	NOUN
ཡིན་	ཡིན་	NO_POS
༔		PUNCT
དངོས་གྲུབ་	དངོས་གྲུབ་	NOUN
ཀུན་	ཀུན་	DET
གྱི་	གི་	PART
རྩ་བ་	རྩ་བ་	NOUN
ཡིན་	ཡིན་	NO_POS
༔		PUNCT
མཐོ་རིས་	མཐོ་རིས་	NOUN
བགྲོད་པ་	བགྲོད་པ་	VERB
འི་	གི་	PART
སྐས་ཀ་	སྐས་ཀ་	NO_POS
ཡིན་	ཡིན་	NO_POS
༔		PUNCT
ངན་སོང་	ངན་སོང་	NOUN
དགག་པ་	དགག་པ་	VERB
འི་	གི་	PART
སྒོ་མོ་	སྒོ་མོ་	NOUN
ཡིན་	ཡིན་	NO_POS
༔		PUNCT
འཁོར་བ་	འཁོར་བ་	NOUN
སྒྲོལ་བ་	སྒྲོལ་བ་	VERB
འི་	གི་	PART
གྲུ་གཟིངས་	གྲུ་གཟིངས་	NOUN
ཡིན་	ཡིན་	NO_POS
༔		PUNCT
མུན་པ་	མུན་པ་	NOUN
སེལ་བ་	སེལ་བ་	VERB
འི་	གི་	PART
སྒྲོན་མེ་	སྒྲོན་མེ་	NOUN
ཡིན་	ཡིན་	NO_POS
༔		PUNCT
དུག་	དུག་	NOUN
ལྔ་	ལྔ་	NUM
འཇོམས་པ་	འཇོམས་པ་	VERB
འི་	གི་	PART
དཔའ་བོ་	དཔའ་བོ་	NOUN
ཡིན་	ཡིན་	NO_POS
༔		PUNCT
སྡིག་སྒྲིབ་	སྡིག་སྒྲིབ་	NOUN
བསྲེག་པ་	བསྲེག་པ་	VERB
འི་	གི་	PART
མེ་དཔུང་	མེ་དཔུང་	OTHER
ཡིན་	ཡིན་	NO_POS
༔		PUNCT
སྡུག་བསྔལ་	སྡུག་བསྔལ་	NOUN
བརྡུང་བ་	བརྡུང་བ་	VERB
འི་	གི་	PART
ཐོ་བ་	ཐོ་བ་	VERB
ཡིན་	ཡིན་	NO_POS
༔		PUNCT
མཐའ་	མཐའ་	NOUN
ཁོབ་	ཁོབ་	NO_POS
འདུལ་པ་	འདུལ་པ་	NO_POS
འི་	གི་	PART
གཉེན་པོ་	གཉེན་པོ་	NOUN
ཡིན་	ཡིན་	NO_POS
༔		PUNCT
ཁ་བ་	ཁ་བ་	NOUN
ཅན་	ཅན་	PART
གྱི་	གི་	PART
ཆོ་	ཆོ་	NOUN
སྐལ་	སྐལ་	NOUN
ཡིན་	ཡིན་	NO_POS
༔		PUNCT
མདོ་	མདོ་	NOUN
རྒྱུད་	རྒྱུད་	NOUN
བསྟན་བཅོས་	བསྟན་བཅོས་	NOUN
དུ་མ་	དུ་མ་	ADJ
དང་	དང་	NO_POS
༔		PUNCT
ཐོས་བསམ་	ཐོས་བསམ་	NOUN
སྒོམ་	སྒོམ་	VERB
གསུམ་	གསུམ་	NUM
ཐམས་ཅད་	ཐམས་ཅད་	DET
ཀྱི་	གི་	PART
༔		PUNCT
སྙིང་པོ་	སྙིང་པོ་	NOUN
གཅིག་	གཅིག་	NUM
ཏུ་	ལ་	PART
བསྡུས་པ་	བསྡུས་པ་	VERB
འི་	གི་	PART
བཅུད་	བཅུད་	NOUN
༔		PUNCT
གཅིག་ཆོག་	གཅིག་ཆོག་	ADJ
རྒྱལ་པོ་	རྒྱལ་པོ་	NOUN
རིན་པོ་ཆེ་	རིན་པོ་ཆེ་	ADJ
༔		PUNCT
ཡི་གེ་	ཡི་གེ་	NOUN
དྲུག་པ་	དྲུག་པ་	NUM
འདི་	འདི་	DET
ཟློས་	ཟློས་	VERB
ཤིག་	ཅིག་	PART
༔		PUNCT
ཅེས་	ཅེས་	PART
སོགས་	སོགས་	DET
བཀའ་	བཀའ་	NOUN
གཏེར་	གཏེར་	NOUN
ཐམས་ཅད་	ཐམས་ཅད་	DET
ན་	ནས་	PART
རྒྱ་	རྒྱ་	NOUN
ཆེ་	ཆེ་	VERB
ར་	ལ་	PART
འབྱུང་བ་	འབྱུང་བ་	VERB
བརྗོད་	བརྗོད་	VERB
ཀྱི་	གི་	PART
མི་	མི་	PART
ལངས་	ལངས་	VERB
ཤིང་	ཅིང་	PART
།		PUNCT
གསུང་	གསུང་	VERB
ཡི་གེ་	ཡི་གེ་	NOUN
དྲུག་པ་	དྲུག་པ་	NUM
འདི་	འདི་	DET
དད་པ་	དད་པ་	VERB
དང་	དང་	NO_POS
ལྡན་པ་	ལྡན་པ་	VERB
ས་	གིས་	PART
ལན་	ལན་	NOUN
གཅིག་	གཅིག་	NUM
བརྗོད་	བརྗོད་	VERB
ཀྱང་	ཀྱང་	PART
འདི་	འདི་	DET
ལྟ་བུ་	ལྟ་བུ་	NOUN
འི་	གི་	PART
ཕན་ཡོན་	ཕན་ཡོན་	NOUN
འབྱུང་	འབྱུང་	VERB
ངེས་	ངེས་	VERB
ཡིན་པ་	ཡིན་པ་	AUX
ས་	གིས་	PART
།		PUNCT
སྒོ་གསུམ་	སྒོ་གསུམ་	OTHER
ཐ་མལ་	ཐ་མལ་	ADJ
དུ་མ་	དུ་མ་	ADJ
བསྐྱུར་བ་	བསྐྱུར་བ་	VERB
ར་	ལ་	PART
།		PUNCT
ཚེགས་	ཚེགས་	NOUN
ཆུང་	ཆུང་	VERB
ལ་དོན་	ལ་དོན་	OTHER
ཆེ་བ་	ཆེ་བ་	VERB
འི་	གི་	PART
དགེ་ཚོགས་	དགེ་ཚོགས་	NOUN
རླབས་པོ་ཆེ་	རླབས་པོ་ཆེ་	OTHER
འདི་ཉིད་	འདི་ཉིད་	OTHER
ལ་	ལ་	PART
ཉིན་	ཉིན་	NOUN
རེ་	རེ་	DET
ར་	ལ་	PART
ཁྲི་	ཁྲི་	NUM
ན་	ནས་	PART
བརྒྱ་རྩ་	བརྒྱ་རྩ་	OTHER
ཡན་	ཡན་	ADV
རྒྱུན་	རྒྱུན་	NOUN
ཏུ་	ལ་	PART
ཆག་	ཆག་	VERB
མེད་	མེད་	VERB
གཡར་དམ་	གཡར་དམ་	NO_POS
དུ་	ལ་	PART
བླངས་	བླངས་	VERB
ན་	ནས་	PART
མི་ལུས་	མི་ལུས་	NOUN
དོན་ལྡན་	དོན་ལྡན་	ADJ
ཅིས་ཀྱང་	ཅིས་ཀྱང་	NO_POS
མཛད་	མཛད་	VERB
འཚལ་	འཚལ་	VERB
ལོ་	གོ་	PART
།། །།		PUNCT
འཕགས་པ་	འཕགས་པ་	VERB
འི་	གི་	PART
ཐུགས་རྗེ་	ཐུགས་རྗེ་	NOUN
འི་	གི་	PART
དཔྱངས་	དཔྱངས་	NO_POS
ཐག་	ཐག་	VERB
གིས་	གིས་	PART
། །		PUNCT
འགྲོ་བ་	འགྲོ་བ་	VERB
སྲིད་	སྲིད་	NOUN
མཚོ་	མཚོ་	NOUN
ལ་	ལ་	ADP
ས་	གིས་	PART
དྲངས་	དྲངས་	NO_POS
ཏེ་	སྟེ་	PART
། །		PUNCT
རྣམ་གྲོལ་	རྣམ་གྲོལ་	NOUN
བདེ་ཆེན་	བདེ་ཆེན་	NOUN
ཐར་པ་	ཐར་པ་	VERB
འི་	གི་	PART
གླིང་	གླིང་	NOUN
། །		PUNCT
རི་བོ་	རི་བོ་	NOUN
ཏ་ལ་	ཏ་ལ་	OTHER
ར་	ལ་	PART
དབུག་	དབུག་	NO_POS
དབྱུང་	དབྱུང་	NO_POS
གསོལ་	གསོལ་	VERB
། །		PUNCT
ཞེས་་	ཞེས་པ་	PART
འང་	ཀྱང་	PART
རིགས་ལྡན་	རིགས་ལྡན་	PROPN
ཆོས་མཛད་	ཆོས་མཛད་	PROPN
མ་	མ་	PART
སྐལ་བཟང་	སྐལ་བཟང་	OTHER
སྒྲོལ་	སྒྲོལ་	VERB
དཀ་	དཀའ་	VERB
ར་	ལ་	PART
དང་	དང་	NO_POS
།		PUNCT
མ་	མ་	PART
ཡུམ་	ཡུམ་	NOUN
ཚེ་བརྟན་	ཚེ་བརྟན་	PROPN
སྒྲོལ་	སྒྲོལ་	VERB
དཀ་	དཀའ་	VERB
ར་	ལ་	PART
ལགས་	ལགས་	AUX
བཅའ་	བཅའ་	VERB
ན་	ནས་	PART
འདི་ལྟར་	འདི་ལྟར་	NO_POS
སྦྱོར་	སྦྱོར་	VERB
ཞེ་	ཅེས་	PART
བསྐུལ་	བསྐུལ་	VERB
ན་	ནས་	PART
དུས་	དུས་	NOUN
རིང་མོ་	རིང་མོ་	ADJ
ར་	ལ་	PART
འདའ་	འདའ་	VERB
ཤིང་	ཅིང་	PART
སླར་ཡང་	སླར་ཡང་	OTHER
ནན་ཏན་	ནན་ཏན་	NOUN
གྱིས་	གིས་	PART
བསྐྱར་	བསྐྱར་	NO_POS
བསྐུལ་	བསྐུལ་	VERB
ཡང་ཡང་	ཡང་ཡང་	NO_POS
བྱུང་བ་	བྱུང་བ་	VERB
འི་	གི་	PART
གཡར་ཁྲལ་	གཡར་ཁྲལ་	NO_POS
དུ་	ལ་	PART
རང་	རང་	PRON
འདྲ་	འདྲ་	VERB
འི་	གི་	PART
བློ་	བློ་	NOUN
དམན་	དམན་	VERB
ཅན་	ཅན་	PART
གྱི་	གི་	PART
ཁྱིམ་པ་	ཁྱིམ་པ་	NOUN
རྒན་པོ་	རྒན་པོ་	ADJ
ས་	གིས་	PART
གོ་	གོ་	PART
བདེ་	བདེ་	VERB
ར་	ལ་	PART
བྱ་	བྱ་	VERB
ཏེ་	སྟེ་	PART
།		PUNCT
དུས་	དུས་	NOUN
ངན་	ངན་	VERB
གྱི་	གི་	PART
བྱང་ཆུབ་	བྱང་ཆུབ་	NOUN
སེམས་དཔ་	སེམས་དཔའ་	NOUN
འི་	གི་	PART
མིང་	མིང་	NOUN
དུ་	ལ་	PART
ཁ་	ཁ་	PRON
ས་	གིས་	PART
འཆེ་བ་	འཆེ་བ་	NO_POS
།		PUNCT
ཆོ་	ཆོ་	NOUN
ལྟ་	ལྟ་	OTHER
བཅོས་པ་	བཅོས་པ་	VERB
འི་	གི་	PART
མུ་ཏོ་བ་	མུ་ཏོ་བ་	NO_POS
བློ་གྲོས་	བློ་གྲོས་	NOUN
གཟི་བརྗིད་	གཟི་བརྗིད་	NOUN
དམ་	གམ་	PART
།		PUNCT
མིང་	མིང་	NOUN
གཞན་	གཞན་	DET
མཁའ་ཁྱབ་	མཁའ་ཁྱབ་	NOUN
རྡོ་རྗེ་	རྡོ་རྗེ་	NOUN
ར་	ལ་	PART
འབོད་པ་	འབོད་པ་	VERB
འི་	གི་	PART
རྒན་པོ་	རྒན་པོ་	ADJ
ནད་བུ་	ནད་བུ་	NOUN
ཅན་	ཅན་	PART
གྱི་	གི་	PART
སུག་ལས་	སུག་ལས་	NO_POS
སོ་	གོ་	PART
།། །།		PUNCT
དགེ་ལེགས་	དགེ་ལེགས་	OTHER
འཕེལ་	འཕེལ་	VERB
།། །།		PUNCT
